,game
0,The Elder Scrolls V Skyrim
1,Fallout 4
2,Spore
3,Fallout New Vegas
4,Left 4 Dead 2
5,HuniePop
6,Path of Exile
7,Poly Bridge
8,Left 4 Dead
9,Team Fortress 2
10,Tomb Raider
11,The Banner Saga
12,Dead Island Epidemic
13,BioShock Infinite
14,Dragon Age Origins - Ultimate Edition
15,Fallout 3 - Game of the Year Edition
16,SEGA Genesis & Mega Drive Classics
17,Grand Theft Auto IV
18,Realm of the Mad God
19,Marvel Heroes 2015
20,Eldevin
21,Dota 2
22,BioShock
23,Robocraft
24,Garry's Mod
25,Jazzpunk
26,Ultra Street Fighter IV
27,FINAL FANTASY XIII
28,Sid Meier's Civilization V
29,L.A. Noire
30,Company of Heroes Tales of Valor
31,7 Days to Die
32,Divekick
33,FINAL FANTASY VII
34,Orcs Must Die! 2
35,Killing Floor
36,Company of Heroes
37,Bastion
38,Undertale
39,Counter-Strike Global Offensive
40,Orcs Must Die!
41,THE KING OF FIGHTERS XIII STEAM EDITION
42,GUILTY GEAR XX ACCENT CORE PLUS R
43,Skullgirls
44,Assassin's Creed II
45,Company of Heroes Opposing Fronts
46,Grand Theft Auto V
47,Insurgency
48,METAL GEAR SOLID V THE PHANTOM PAIN
49,S.T.A.L.K.E.R. Shadow of Chernobyl
50,S.T.A.L.K.E.R. Call of Pripyat
51,Saints Row The Third
52,Far Cry 3
53,S.T.A.L.K.E.R. Clear Sky
54,Rocket League
55,Far Cry 4
56,Prototype
57,Space Pirates and Zombies
58,Dying Light
59,Just Cause 2
60,Mirror's Edge
61,Mad Max
62,Portal 2
63,Deus Ex Human Revolution
64,Middle-earth Shadow of Mordor
65,RUNNING WITH RIFLES
66,Deus Ex Human Revolution - Director's Cut
67,Batman Arkham City GOTY
68,Tropico 4
69,Cave Story+
70,Dust An Elysian Tail
71,F.E.A.R.
72,South Park The Stick of Truth
73,Sleeping Dogs
74,Watch_Dogs
75,Saints Row IV
76,DayZ
77,Half-Life 2
78,Reassembly
79,Sid Meier's Civilization III Complete
80,The Talos Principle
81,DiRT 3
82,FTL Faster Than Light
83,Age of Empires II HD Edition
84,Batman Arkham Asylum GOTY Edition
85,Gunpoint
86,Rebuild 3 Gangs of Deadsville
87,Recettear An Item Shop's Tale
88,Metro 2033
89,Monaco
90,Overgrowth
91,Assassin's Creed III
92,Ori and the Blind Forest
93,Far Cry 3 Blood Dragon
94,Burnout Paradise The Ultimate Box
95,PROTOTYPE 2
96,Game Dev Tycoon
97,Sniper Elite 3
98,Gratuitous Space Battles
99,Rogue Legacy
100,Plague Inc Evolved
101,From Dust
102,Next Car Game Wreckfest
103,Rivals of Aether
104,Half-Life 2 Episode Two
105,Rise of Nations Extended Edition
106,Nidhogg
107,Spec Ops The Line
108,Dishonored
109,Half-Life 2 Episode One
110,Wolfenstein The New Order
111,Distance
112,Epic Battle Fantasy 4
113,Metro Last Light
114,Miasmata
115,Dead Space
116,Hotline Miami
117,NOT A HERO
118,Receiver
119,Crypt of the NecroDancer
120,Portal
121,F.E.A.R. 2 Project Origin
122,NaissanceE
123,SteamWorld Dig
124,Kairo
125,SNOW
126,The Binding of Isaac
127,LEGO The Lord of the Rings
128,METAL GEAR RISING REVENGEANCE
129,Starpoint Gemini 2
130,The Vanishing of Ethan Carter
131,Goat Simulator
132,Mass Effect
133,Arma 2 Operation Arrowhead
134,METAL GEAR SOLID V GROUND ZEROES
135,Banished
136,DiRT Showdown
137,Sonic Adventure 2 
138,Battlestations Midway
139,HOARD
140,Sunless Sea
141,Mark of the Ninja
142,Creeper World 3 Arc Eternal
143,Turbo Dismount
144,Floating Point
145,Grow Home
146,LUFTRAUSERS
147,Arma 2
148,No Time To Explain Remastered
149,FEZ
150,Delver
151,The Legend of Heroes Trails in the Sky
152,Evoland
153,Bleed
154,Borderlands 2
155,Race The Sun
156,Shadowgrounds
157,They Bleed Pixels
158,Trine
159,"Sir, You Are Being Hunted"
160,Next Car Game Sneak Peek 2.0
161,Symphony
162,DLC Quest
163,Far Cry 2
164,The Stanley Parable
165,Freedom Planet
166,KHOLAT
167,Osmos
168,Secrets of Rtikon
169,Oil Rush
170,Unepic
171,The Legend of Korra
172,404Sight
173,Dark Souls Prepare to Die Edition
174,Gravity Ghost
175,Psychonauts
176,Rock of Ages
177,Half-Life 2 Lost Coast
178,Galcon Legends
179,Air Brawl
180,Cat Goes Fishing
181,One Finger Death Punch
182,Mind Path to Thalamus Enhanced Edition
183,INK
184,Intrusion 2
185,Amnesia The Dark Descent
186,Fieldrunners
187,Out There Somewhere
188,KAMI
189,Lone Survivor The Director's Cut
190,NightSky
191,Frozen Synapse
192,Hammerfight
193,Spintires
194,Ziggurat
195,AaaaaAAaaaAAAaaAAAAaAAAAA!!! for the Awesome
196,Dead Island
197,Superbrothers Sword & Sworcery EP
198,GRID 2
199,Sonic & All-Stars Racing Transformed
200,Call of Juarez Gunslinger
201,Crysis 2 Maximum Edition
202,Strike Vector
203,Prison Architect
204,Lego Harry Potter
205,Outlast
206,Super Hexagon
207,WRC 4 FIA WORLD RALLY CHAMPIONSHIP
208,Valkyria Chronicles
209,Shatter
210,Proteus
211,Jamestown
212,Spelunky
213,Astebreed
214,STAR WARS Knights of the Old Republic II The Sith Lords
215,Phantom Breaker Battle Grounds
216,Tom Clancy's Splinter Cell Chaos Theory
217,The Witcher Enhanced Edition
218,Risk of Rain
219,Survarium
220,Afterlife Empire
221,BattleBlock Theater
222,Need for Speed Hot Pursuit
223,BIT.TRIP RUNNER
224,Coin Crypt
225,The Crew
226,Metro Last Light Redux
227,Crimzon Clover  WORLD IGNITION
228,Sonic Generations
229,Ethan Meteor Hunter
230,Reus
231,Call of Duty Modern Warfare 2 - Multiplayer
232,Call of Duty Modern Warfare 2
233,Call of Duty Black Ops - Multiplayer
234,Counter-Strike Source
235,Dungeon Defenders
236,Call of Duty Black Ops
237,Day of Defeat Source
238,Empire Total War
239,ARK Survival Evolved
240,Unturned
241,Alien Swarm
242,TERA
243,Rust
244,Dead Island Riptide
245,Flatout 3
246,Counter-Strike Nexon Zombies
247,Everlasting Summer
248,War Thunder
249,DCS World
250,Tactical Intervention
251,Medal of Honor(TM) Multiplayer
252,Max Payne 2 The Fall of Max Payne
253,Mafia II
254,Nosgoth
255,Revenge of the Titans
256,A Virus Named TOM
257,Europa Universalis III
258,Awesomenauts
259,Super Puzzle Platformer Deluxe
260,Super Meat Boy
261,LIMBO
262,Painkiller Overdose
263,Cogs
264,Crayon Physics Deluxe
265,America's Army Proving Grounds
266,Tom Clancy's Ghost Recon Phantoms - NA
267,APB Reloaded
268,ORION Prelude
269,Hotline Miami 2 Wrong Number
270,Amnesia A Machine for Pigs
271,Deadpool
272,Counter-Strike Condition Zero
273,Counter-Strike
274,Mount & Blade Warband
275,Castle Crashers
276,Tom Clancy's Ghost Recon Phantoms - EU
277,SMITE
278,Ricochet
279,Kane & Lynch 2 Dog Days
280,PAYDAY 2
281,Infinite Crisis
282,AdVenture Capitalist
283,DiggerOnline
284,Heroes & Generals
285,Project CARS
286,Defense Grid The Awakening
287,Broken Age
288,Cloud Chamber
289,Stacking
290,Ghostbusters The Video Game
291,Faerie Solitaire
292,Dreamfall Chapters
293,Portal Stories Mel
294,Universe Sandbox
295,Toki Tori
296,The Wonderful End of the World
297,Hacker Evolution
298,Thomas Was Alone
299,Little Inferno
300,Costume Quest
301,RUSH
302,Return to Mysterious Island 2
303,World of Goo
304,Deus Ex Game of the Year Edition
305,Portal 2 - The Final Hours
306,AaAaAA!!! - A Reckless Disregard for Gravity
307,Audiosurf
308,Machinarium
309,VVVVVV
310,GEARCRACK Arena
311,Quantum Conundrum
312,Mission Control NanoMech
313,Defense Grid 2 A Matter of Endurance
314,Alan Wake's American Nightmare
315,Sam & Max 101 Culture Shock
316,Back to the Future Ep 2 - Get Tannen!
317,The Ball
318,Torchlight II
319,Back to the Future Ep 5 - OUTATIME
320,Sam & Max 102 Situation Comedy
321,Oozi Earth Adventure
322,Back to the Future Ep 1 - It's About Time
323,Back to the Future Ep 4 - Double Visions
324,Organ Trail Director's Cut
325,Back to the Future Ep 3 - Citizen Brown
326,Fester Mudd Curse of the Gold - Episode 1
327,BIT.TRIP BEAT
328,Braid
329,Atom Zombie Smasher 
330,1... 2... 3... KICK IT! (Drop That Beat Like an Ugly Baby)
331,Botanicula
332,And Yet It Moves
333,Ticket to Ride
334,Penumbra Overture
335,Dear Esther
336,Lucid
337,Critical Mass
338,S.K.I.L.L. - Special Force 2
339,BLOCKADE 3D
340,The Elder Scrolls IV Oblivion 
341,Terraria
342,Assassin's Creed Brotherhood
343,Saints Row 2
344,Grand Theft Auto Episodes from Liberty City
345,Batman Arkham Origins
346,The Witcher 2 Assassins of Kings Enhanced Edition
347,The Elder Scrolls III Morrowind
348,Bookworm Adventures Deluxe
349,Star Wars Knights of the Old Republic
350,GRID
351,Hidden Object Bundle 4 in 1
352,Darksiders
353,Worms Reloaded
354,FlatOut Ultimate Carnage
355,SimCity 4 Deluxe
356,Chivalry Medieval Warfare
357,Ghost Master
358,Peggle Deluxe
359,Alan Wake
360,Peggle Nights
361,Sherlock Holmes Nemesis
362,Puzzler World 2
363,Bejeweled 3
364,Alice Madness Returns
365,The Book of Unwritten Tales
366,The Movies
367,Guacamelee! Gold Edition
368,The Walking Dead
369,MacGuffin's Curse
370,The Testament of Sherlock Holmes
371,Bully Scholarship Edition
372,Indigo Prophecy
373,Crazy Machines 2
374,The Secret of Monkey Island Special Edition
375,Kingdoms of Amalur Reckoning
376,"Cook, Serve, Delicious!"
377,Deponia The Complete Journey
378,Tales of Monkey Island Chapter 1 - Launch of the Screaming Narwhal
379,DiRT 2
380,Worms Clan Wars
381,Monkey Island 2 Special Edition
382,Vessel
383,4 Elements
384,Cryostasis
385,TrackMania Stadium
386,Aura Fate of the Ages
387,Scribblenauts Unlimited
388,Eets
389,Trials 2 Second Edition
390,Grim Legends The Forsaken Bride
391,Nightmares from the Deep 2 The Siren`s Call
392,Lara Croft and the Guardian of Light
393,Antichamber
394,Tales of Monkey Island Chapter 2 - The Siege of Spinner Cay 
395,The Jackbox Party Pack
396,Abyss The Wraiths of Eden
397,Anodyne
398,Tales of Monkey Island Chapter 3 - Lair of the Leviathan 
399,Singularity
400,The Maw
401,Poker Night at the Inventory
402,Penumbra Black Plague
403,Sinister City
404,Puzzle Agent
405,Cargo! - The quest for gravity
406,Rocketbirds Hardboiled Chicken
407,Nightmares from the Deep The Cursed Heart
408,"Papers, Please"
409,Insanely Twisted Shadow Planet
410,Surgeon Simulator
411,Cities Skylines
412,Alchemy Mysteries Prague Legends
413,Clockwork Tales Of Glass and Ink
414,CID The Dummy
415,Tales of Monkey Island Chapter 4 - The Trial and Execution of Guybrush Threepwood 
416,Puzzle Agent 2
417,9 Clues The Secret of Serpent Creek
418,The Tiny Bang Story
419,Wallace & Gromit Ep 1 Fright of the Bumblebees
420,Shoppe Keep
421,Gone Home
422,Windosill
423,Plants vs. Zombies Game of the Year
424,Sam & Max 105 Reality 2.0
425,Tales of Monkey Island Chapter 5 - Rise of the Pirate God
426,ibb & obb
427,Obulis
428,Sam & Max 106 Bright Side of the Moon
429,Chime
430,RollerCoaster Tycoon 3 Platinum!
431,Sam & Max 104 Abe Lincoln Must Die!
432,"Ben There, Dan That!"
433,Hector Ep 1
434,Resident Evil 5 / Biohazard 5
435,The Wolf Among Us
436,Fate of the World
437,State of Decay
438,Contagion
439,The Beginner's Guide
440,Octodad Dadliest Catch
441,TRAUMA
442,Trials Evolution Gold Edition
443,Half-Life
444,"Sam & Max 103 The Mole, the Mob and the Meatball"
445,Penumbra Requiem
446,Spectraball
447,Plain Sight
448,The Cave
449,Just Cause 2 Multiplayer Mod
450,Blocks That Matter
451,"Time Gentlemen, Please!"
452,Trine 2
453,Blur
454,YOU DON'T KNOW JACK Vol. 1 XL
455,Port of Call
456,Magicka
457,LEGO Worlds
458,Zeno Clash
459,FORCED
460,Hydrophobia Prophecy
461,Gravilon
462,The Longest Journey
463,Shadow Puppeteer
464,The Path - Prologue
465,The Misadventures of P.B. Winterbottom
466,Vertiginous Golf
467,EDGE
468,Shank 2
469,Jolly Rover
470,Team Fortress Classic
471,Tomb Raider I
472,Sid Meier's Civilization IV
473,The Sims(TM) 3
474,H1Z1
475,PAYDAY The Heist
476,Need for Speed Undercover
477,Battlefield Bad Company 2
478,EasyAntiCheat eSports
479,Commandos 3 Destination Berlin
480,Age of Chivalry
481,Counter-Strike Condition Zero Deleted Scenes
482,War Inc. Battlezone
483,Labyronia RPG
484,Aftermath
485,Warframe
486,sZone-Online
487,Archeblade
488,Fishing Planet
489,Happy Wars
490,the static speaks my name
491,No More Room in Hell
492,Loadout
493,World of Guns Gun Disassembly
494,Quake Live
495,Fractured Space
496,Mortal Kombat Komplete Edition
497,Call of Duty Advanced Warfare
498,Euro Truck Simulator 2
499,Napoleon Total War
500,Pyroblazer
501,Arma 3
502,Just Cause
503,This War of Mine
504,Sniper Elite V2
505,Rising Storm/Red Orchestra 2 Multiplayer
506,Arma 2 Private Military Company
507,Arma 2 Operation Arrowhead Beta (Obsolete)
508,Arma Cold War Assault
509,La Tale
510,Endless Sky
511,Amazing World
512,Hazard Ops
513,Codename CURE
514,Blacklight Retribution
515,R.U.S.E
516,Total War ROME II - Emperor Edition
517,Star Wars - Battlefront II
518,Stronghold 3
519,Pixel Puzzles Japan
520,Afterfall InSanity Extended Edition
521,Anomaly Warzone Earth
522,Woodle Tree Adventures
523,XCOM Enemy Unknown
524,WAKFU
525,Starbound
526,Mass Effect 2
527,Clicker Heroes
528,PlanetSide 2
529,Warface
530,Dirty Bomb
531,Borderlands
532,Injustice Gods Among Us Ultimate Edition
533,Marvel Puzzle Quest
534,NARUTO SHIPPUDEN Ultimate Ninja STORM 3 Full Burst
535,Don't Starve
536,Batman Arkham City
537,The Sims(TM) Medieval
538,EVE Online
539,Tom Clancy's Splinter Cell Conviction
540,DC Universe Online
541,RIFT
542,Don't Starve Together Beta
543,Darksiders II
544,Star Wars The Force Unleashed Ultimate Sith Edition
545,Command and Conquer 4 Tiberian Twilight
546,Anno 2070
547,RAGE
548,SpaceChem
549,Transistor
550,Chessmaster
551,Age of Empires III Complete Collection
552,Transformers Fall of Cybertron
553,Beat Hazard
554,Brtal Legend
555,Might & Magic Heroes VI
556,"Warhammer 40,000 Dawn of War II"
557,Star Wars The Clone Wars Republic Heroes
558,Star Wars Jedi Knight Jedi Academy
559,DEFCON
560,Dungeon Siege 2
561,"Warhammer 40,000 Space Marine"
562,The Polynomial
563,Achron
564,Star Wars Empire at War Gold
565,Halo Spartan Assault
566,Trapped Dead
567,Tom Clancy's H.A.W.X. 2
568,Forge
569,Free to Play
570,Day of Defeat
571,Call of Duty Black Ops II - Multiplayer
572,Brick-Force
573,Call of Duty Black Ops II
574,Gear Up
575,Guns and Robots
576,Torchlight
577,Titan Quest Immortal Throne
578,Titan Quest
579,Half-Life Blue Shift
580,Half-Life 2 Deathmatch
581,Call of Duty Modern Warfare 3 - Multiplayer
582,Duke Nukem Forever
583,Call of Duty Modern Warfare 3
584,Sniper Ghost Warrior
585,Company of Heroes 2
586,Sins of a Solar Empire Rebellion
587,Sins of a Solar Empire Trinity
588,Battlefield 2
589,Men of War
590,Wargame Red Dragon
591,Wargame European Escalation
592,America's Army 3
593,Full Spectrum Warrior
594,Insurgency Modern Infantry Combat
595,Red Orchestra Ostfront 41-45
596,DiRT Rally
597,Men of War Assault Squad 2
598,Command and Conquer Red Alert 3
599,Defiance
600,Darkest Hour Europe '44-'45
601,Full Spectrum Warrior Ten Hammers
602,Verdun
603,Omerta - City of Gangsters
604,A Game of Thrones - Genesis
605,Stronghold HD
606,Mare Nostrum
607,The Ship Single Player
608,Red Orchestra 2 Heroes of Stalingrad - Single Player
609,The Ship Tutorial
610,Arma 2 DayZ Mod
611,Democracy 3
612,Tropico 5
613,Life Is Strange
614,Lost Saga North America
615,Risen 2 - Dark Waters
616,Hitman Absolution
617,Killing Floor 2
618,Spooky's House of Jump Scares
619,Primal Carnage Extinction
620,Dino D-Day
621,theHunter
622,"Warhammer 40,000 Dawn of War  Dark Crusade"
623,Neverwinter
624,DARK SOULS II Scholar of the First Sin
625,The Forest
626,FINAL FANTASY III
627,Knights of Pen and Paper +1
628,Smashball
629,King's Quest
630,ArcheAge
631,School of Dragons How to Train Your Dragon
632,Star Conflict
633,MechWarrior Online
634,Wind of Luck Arena
635,Firefall
636,Let the Cat In
637,Echoes+
638,Football Manager 2013
639,Ys Origin
640,Synergy
641,Break Into Zatwor
642,Relic Hunters Zero
643,Two Worlds II
644,Mount & Blade With Fire and Sword
645,Grand Theft Auto San Andreas
646,SpeedRunners
647,LEGO MARVEL Super Heroes
648,LEGO Batman 3 Beyond Gotham
649,LEGO Batman 2
650,LEGO The Hobbit
651,Teenage Mutant Ninja Turtles Out of the Shadows
652,LEGO Jurassic World
653,Lego Star Wars 3 The Clone Wars
654,"Warhammer 40,000 Dawn of War II - Chaos Rising"
655,Aliens vs. Predator
656,Castlevania Lords of Shadow - Ultimate Edition
657,DmC Devil May Cry
658,Of Orcs And Men
659,Magic 2014 
660,Gotham City Impostors
661,Tomb Raider Anniversary
662,SONIC THE HEDGEHOG 4 Episode II
663,LEGO Batman The Videogame
664,Tomb Raider Legend
665,SONIC THE HEDGEHOG 4 Episode I
666,BioShock 2
667,Sonic Adventure DX
668,Sonic and SEGA All Stars Racing
669,Total War SHOGUN 2
670,Medieval II Total War
671,The Witcher 3 Wild Hunt
672,Galactic Civilizations III
673,Total War ATTILA
674,Endless Legend
675,Sid Meier's Civilization IV Beyond the Sword
676,Franchise Hockey Manager 2014
677,Dark Messiah of Might & Magic Single Player
678,HAWKEN
679,Alien Isolation
680,Homeworld Remastered Collection
681,Red Faction Guerrilla Steam Edition
682,Dead Space 2
683,Crysis
684,Medieval II Total War Kingdoms
685,Game of Thrones - A Telltale Games Series
686,Darwinia
687,Infested Planet
688,RISK Factions
689,Crusader Kings II
690,Half-Life Source
691,Prey
692,F.E.A.R. 3
693,Supreme Commander Forged Alliance
694,Wings of Prey
695,Europa Universalis IV
696,Earth 2160
697,Wasteland 2 Director's Cut
698,Valiant Hearts The Great War / Soldats Inconnus  Mmoires de la Grande Guerre
699,Wargame AirLand Battle
700,X3 Reunion
701,The Long Dark
702,Alien Breed 2 Assault
703,Planetary Annihilation
704,Among the Sleep
705,SiN Episodes Emergence
706,Panzer Corps
707,3DMark
708,F.E.A.R. Perseus Mandate
709,Space Empires IV Deluxe
710,Navy Field 2  Conqueror of the Ocean
711,Space Engineers
712,Farming Simulator 15
713,Sniper Ghost Warrior 2
714,Sid Meier's Civilization Beyond Earth
715,Need for Speed SHIFT
716,Toribash
717,Fable - The Lost Chapters
718,Sang-Froid - Tales of Werewolves
719,Spiral Knights
720,Fallout
721,Thief Gold
722,Thief Deadly Shadows
723,Soldier Front 2
724,Magicka Wizard Wars
725,Hitman 2 Silent Assassin
726,Fable III
727,Robin Hood
728,Desperados - Wanted Dead or Alive
729,Oddworld Abe's Exoddus
730,Dark Messiah of Might & Magic Multi-Player
731,Oddworld Abe's Oddysee
732,Anno 1404 Venice
733,The Escapists
734,Source Filmmaker
735,Little Big Adventure 2
736,Dragon Nest
737,Dynasty Warriors 8 - Empires
738,DRAGON BALL XENOVERSE
739,RollerCoaster Tycoon Deluxe
740,Vindictus
741,Subspace Continuum
742,Football Manager 2011
743,King Arthur II - The Role-playing Wargame
744,Dishonored (RU)
745,Lords Of The Fallen
746,"Warhammer 40,000 Dawn of War II  Retribution"
747,Mars War Logs
748,Space Hulk
749,Call of Duty Ghosts
750,Aliens Colonial Marines
751,Viking Battle for Asgard
752,The Lord of the Rings War in the North
753,Confrontation
754,Horizon
755,Lost Planet Extreme Condition
756,Jagged Alliance - Back in Action
757,Cubic Castles
758,Call of Duty Black Ops III
759,Kerbal Space Program
760,The Mighty Quest For Epic Loot
761,Double Action Boogaloo
762,Kentucky Route Zero
763,Magic The Gathering - Duels of the Planeswalkers
764,Commandos 2 Men of Courage
765,Nobunaga's Ambition Souzou with Power Up Kit
766,Blood Bowl Legendary Edition
767,DARK SOULS II
768,Ace of Spades
769,Stronghold Kingdoms
770,Serious Sam HD The Second Encounter
771,War of the Roses
772,FreeStyle2 Street Basketball
773,AirMech
774,Moonbase Alpha
775,Aberoth
776,Enclave
777,Two Worlds Epic Edition
778,TDP4Team Battle
779,Cry of Fear
780,Deepworld
781,Dwarfs F2P
782,Codename Gordon
783,Dungeonland
784,F.E.A.R. Online
785,Defy Gravity
786,King Arthur - The Role-playing Wargame
787,RaceRoom Racing Experience 
788,WARMODE
789,Gotham City Impostors Free To Play
790,Hitman Sniper Challenge
791,Tom Clancy's Rainbow Six 3 Gold Edition
792,Rome Total War
793,Rome Total War - Alexander
794,Besiege
795,Football Manager 2012
796,Football Manager 2015
797,Time Clickers
798,F1 2012
799,Homefront
800,The Stomping Land
801,Urizen Shadows of the Cold
802,Endless Space
803,Shoot Many Robots
804,Dragon Age Origins
805,Borderlands The Pre-Sequel
806,Tomb Raider Underworld
807,Prince of Persia The Forgotten Sands
808,Elite Dangerous
809,StarDrive 2
810,Total War Battles KINGDOM
811,Eden Star  Destroy - Build - Protect
812,Project AURA
813,Squad
814,Lords of the Black Sun
815,Mitos.is The Game
816,Company of Heroes (New Steam Version)
817,Offworld Trading Company
818,Creativerse
819,Trove
820,Teeworlds
821,Fuse
822,Football Manager 2014
823,Football Manager 2016
824,Football Manager 2009
825,Five Nights at Freddy's
826,Five Nights at Freddy's 3
827,Five Nights at Freddy's 2
828,Five Nights at Freddy's 4
829,A.V.A - Alliance of Valiant Arms
830,Velvet Sundown
831,Autobahn Police Simulator
832,Test Drive Unlimited 2
833,The Lord of the Rings Online
834,FINAL FANTASY XI
835,Tom Clancy's Rainbow Six Siege
836,Zombie Panic Source
837,Takedown Red Sabre
838,E.Y.E Divine Cybermancy
839,Tom Clancy's Splinter Cell Blacklist
840,Natural Selection 2
841,RACE 07
842,Brawlhalla
843,Dungeon Defenders II
844,Mortal Kombat X
845,EverQuest Secrets of Faydwer
846,EverQuest Seeds of Destruction
847,The Binding of Isaac Rebirth
848,Metro 2033 Redux
849,The Ship
850,Max Payne 3
851,Shovel Knight
852,Red Faction Armageddon
853,Broken Sword 3 - the Sleeping Dragon
854,The Last Remnant
855,Resident Evil Revelations 2 / Biohazard Revelations 2
856,Death Skid Marks
857,Oceanhorn Monster of Uncharted Seas
858,Road Redemption
859,Styx Master of Shadows
860,The Evil Within
861,BookWorm Deluxe
862,Zombies Monsters Robots
863,Audition Online
864,Thinking with Time Machine
865,The Guild II
866,Blender 2.76b
867,The Way of Life Free Edition
868,Only If
869,Super Chibi Knight
870,Worms Revolution
871,Rayman Legends
872,Shift 2 Unleashed
873,Tower Wars
874,Assassin's Creed IV Black Flag
875,Guild Wars
876,Sanctum 2
877,METAL SLUG 3
878,PixelJunk Eden
879,Panzar
880,Evolve
881,The Bridge
882,Jet Set Radio
883,Far Cry
884,Call of Duty Advanced Warfare - Multiplayer
885,The Walking Dead Season Two
886,Poker Night 2
887,Rabbit Hole 3D Steam Edition
888,The Basement Collection
889,Haunted Memories
890,Assassins Creed Unity
891,Serious Sam HD The First Encounter
892,Serious Sam 2
893,Microsoft Flight Simulator X Steam Edition
894,Royal Quest
895,Nancy Drew Shadow at the Water's Edge
896,Villagers and Heroes
897,Nancy Drew Ransom of the Seven Ships 
898,Nancy Drew Tomb of the Lost Queen
899,Nancy Drew Warnings at Waverly Academy
900,Nancy Drew Danger on Deception Island 
901,Nancy Drew Last Train to Blue Moon Canyon
902,How to Survive
903,Duke Nukem 3D Megaton Edition
904,Risen
905,Dungeons of Dredmor
906,Fight The Dragon
907,Temper Tantrum
908,Painkiller Hell & Damnation
909,DiRT 3 Complete Edition
910,16bit Trader
911,Dead Bits
912,Space Rangers HD A War Apart
913,Nuclear Dawn
914,POSTAL 2
915,Guns of Icarus Online
916,Sniper Elite Nazi Zombie Army 2
917,New kind of adventure
918,DETOUR
919,Stellar 2D
920,Minimum
921,Bad Rats
922,Hacker Evolution - Untold
923,Talisman Digital Edition
924,Warlock - Master of the Arcane
925,Serious Sam 3 BFE
926,The Showdown Effect
927,Project Zomboid
928,Sniper Elite Nazi Zombie Army
929,Guncraft
930,POSTAL
931,Stronghold Crusader HD
932,Strike Suit Zero
933,FlatOut 2
934,Disciples III Resurrection
935,Polarity
936,The Howler
937,Rig 'n' Roll
938,RoboBlitz
939,Farming Simulator 2011
940,Asteroids Outpost
941,Trainz Simulator 12
942,Disciples II Rise of the Elves
943,Eufloria
944,NBA 2K15
945,NASCAR '14
946,Men of War Vietnam
947,Men of War Condemned Heroes
948,Toy Soldiers
949,Men of War Assault Squad
950,Resident Evil 6 / Biohazard 6
951,Magic The Gathering - Duels of the Planeswalkers 2013
952,DYNASTY WARRIORS 8 Xtreme Legends Complete Edition
953,Broforce
954,Agarest Generations of War
955,NARUTO SHIPPUDEN Ultimate Ninja STORM Revolution
956,Hyperdimension Neptunia Re;Birth1
957,Resident Evil Operation Raccoon City
958,Shadow Warrior
959,Shufflepuck Cantina Deluxe VR
960,Super House of Dead Ninjas
961,Talisman Prologue
962,Angry Video Game Nerd Adventures
963,Strider
964,Onimusha 3 Demon Siege
965,Breath of Death VII 
966,Sacred 2 Gold
967,Double Dragon Neon
968,Cthulhu Saves the World 
969,FINAL FANTASY TYPE-0 HD
970,Dungeons & Dragons Chronicles of Mystara
971,Rise of Incarnates
972,Abyss Odyssey
973,DOOM 3 BFG Edition
974,TrackMania Canyon
975,Hero Academy
976,Retro City Rampage DX
977,Mortal Kombat Kollection
978,Shadow Warrior Classic Redux
979,"Warhammer 40,000 Regicide"
980,Nation Red
981,Warhammer Quest
982,Legendary
983,Vanguard Princess
984,Dungeon Hearts
985,Party of Sin
986,FINAL FANTASY VIII
987,Supreme Commander 2
988,Supreme Commander
989,Defense Grid 2
990,Crysis Warhead
991,Batman Arkham Knight
992,Crysis Wars
993,Heroes of Might & Magic III - HD Edition
994,Football Manager 2010
995,Castlevania Lords of Shadow 2
996,The Darkness II
997,Tribes Ascend
998,Puzzle Quest
999,Altitude
1000,Champions Online
1001,Skullgirls Endless Beta
1002,Booster Trooper
1003,Grand Theft Auto III
1004,Grand Theft Auto Vice City
1005,Droplitz
1006,Assassin's Creed
1007,Lead and Gold - Gangs of the Wild West
1008,Killing Floor Mod Defence Alliance 2
1009,Race The WTCC Game
1010,Heroes of Might & Magic V
1011,Majesty 2 Collection
1012,Solar 2
1013,Dungeon Siege
1014,King Arthur Collection
1015,Neverwinter Nights 2 Platinum
1016,Sigils of Elohim
1017,Speedball 2 Tournament
1018,Legend of Grimrock
1019,Wasteland 2
1020,Magicite
1021,System Shock 2
1022,Dominions 4
1023,God Mode
1024,Age of Mythology Extended Edition
1025,Shadowrun Dragonfall - Director's Cut
1026,Divinity II Developer's Cut
1027,Cities XL Platinum
1028,SOMA
1029,Retrovirus
1030,Hammerwatch
1031,RAW - Realms of Ancient War
1032,Evochron Mercenary
1033,Fallout 2
1034,Fallout Tactics
1035,Stronghold 2
1036,Game of Thrones 
1037,Star Wars - Jedi Knight II Jedi Outcast
1038,Adventures of Bertram Fiddle Episode 1 A Dreadly Business
1039,Call of Duty Black Ops II - Zombies
1040,Gothic 3
1041,Warmachine Tactics
1042,Call of Duty World at War
1043,Crash Time II
1044,Dead Rising 2
1045,Rogue Warrior
1046,Worms Ultimate Mayhem
1047,Worms Armageddon
1048,Train Simulator
1049,Farming Simulator 2013
1050,Medal of Honor(TM) Single Player
1051,The Bureau XCOM Declassified
1052,FINAL FANTASY XIV A Realm Reborn
1053,Hero Siege
1054,Aliens versus Predator Classic 2000
1055,One Way Heroics
1056,Before the Echo
1057,DUNGEONS - Steam Special Edition
1058,Divinity Dragon Commander
1059,GRID Autosport
1060,Guardians of Middle-earth
1061,Command and Conquer Red Alert 3 - Uprising
1062,Red Faction
1063,Leviathan Warships
1064,Prince of Persia The Sands of Time
1065,Post Apocalyptic Mayhem
1066,Metal War Online Retribution
1067,Call of Duty 4 Modern Warfare
1068,Half-Life Deathmatch Source
1069,Half-Life Opposing Force
1070,War of the Vikings
1071,Call of Duty Ghosts - Multiplayer
1072,War of the Roses Balance Beta
1073,Blade Symphony
1074,Bloody Trapland
1075,Dragomon Hunter
1076,Landmark
1077,Overlord II
1078,Overlord
1079,Chaos on Deponia
1080,Indiana Jones and the Fate of Atlantis
1081,Goodbye Deponia
1082,Deponia
1083,Primordia
1084,The Dig
1085,Indiana Jones and the Last Crusade
1086,Long Live The Queen
1087,Loom
1088,Baldur's Gate Enhanced Edition
1089,Another World
1090,Sid Meier's Pirates!
1091,Home
1092,Vampire The Masquerade - Bloodlines
1093,Dragon's Lair
1094,Edge of Space
1095,Star Trek D-A-C
1096,GRAV
1097,Star Trek Online
1098,The Repopulation
1099,Dragon Nest Europe
1100,BloodRealm Battlegrounds
1101,Age of Conan Unchained - EU version
1102,Devilian
1103,Infinity Wars - Animated Trading Card Game
1104,Star Crusade CCG
1105,Forsaken World 
1106,Stranded Deep
1107,Global Agenda
1108,SolForge
1109,Deadbreed
1110,Dragons and Titans
1111,Epic Cards Battle(TCG)
1112,Child of Light
1113,rFactor
1114,The Expendabros
1115,Gems of War
1116,12 Labours of Hercules
1117,9 Clues 2 The Ward
1118,Strife
1119,Frankenstein Master of Death
1120,Sakura Clicker
1121,Nikopol Secrets of the Immortals
1122,Teddy Floppy Ear - The Race
1123,Curse The Eye of Isis
1124,Car Mechanic Simulator 2015
1125,GunZ 2 The Second Duel
1126,AI War Fleet Command
1127,Red Crucible Firestorm
1128,Batman Arkham Origins Blackgate - Deluxe Edition
1129,Hearts of Iron III
1130,Ultimate General Gettysburg
1131,March of the Eagles
1132,Sengoku
1133,The Raven - Legacy of a Master Thief
1134,Civil War II
1135,A-Train 8
1136,Fistful of Frags
1137,MapleStory
1138,Football Manager 2016 Demo
1139,Transformice
1140,MicroVolts Surge
1141,MURDERED SOUL SUSPECT
1142,Deathmatch Classic
1143,Call of Tomsk-7
1144,UberStrike
1145,Krosmaster Arena
1146,Merchants of Kaidan
1147,Pro Evolution Soccer 2015
1148,Thief
1149,Rochard
1150,Aura Kingdom
1151,Street Fighter IV
1152,Sid Meier's Railroads!
1153,Planetary Annihilation TITANS
1154,World in Conflict Soviet Assault
1155,Unreal Tournament 3 Black Edition
1156,Magic 2015
1157,Space Empires V
1158,Modular Combat
1159,Mystery PI The Vegas Heist
1160,Mystery P.I. The Lottery Ticket
1161,Amazing Adventures Around the World
1162,Mishap An Accidental Haunting
1163,Chuzzle Deluxe
1164,The Wizard's Pen
1165,Amazing Adventures The Lost Tomb
1166,Big Money! Deluxe
1167,Escape Rosecliff Island
1168,Talismania Deluxe
1169,Dynomite! Deluxe
1170,Bejeweled Deluxe
1171,Feeding Frenzy 2 Shipwreck Showdown Deluxe
1172,Bejeweled 2 Deluxe
1173,Reign Of Kings
1174,Life is Feudal Your Own
1175,Dead Rising 3
1176,Just Cause 3
1177,Warhammer End Times - Vermintide
1178,IL-2 Sturmovik Cliffs of Dover
1179,Angels Fall First
1180,Legends of Aethereus
1181,X Rebirth
1182,Planet Explorers
1183,Divinity Dragon Commander Beta
1184,Kingdom Rush
1185,Angry Birds Space
1186,The Elder Scrolls Online Tamriel Unlimited
1187,Incredipede
1188,Zeno Clash 2
1189,StarForge
1190,Magicka 2
1191,Interstellar Marines
1192,Way of the Samurai 4
1193,Strike Suit Zero Director's Cut
1194,Kenshi
1195,X3 Albion Prelude
1196,Knights and Merchants
1197,CroNix
1198,F1 2014
1199,Yet Another Zombie Defense
1200,Sniper Elite
1201,Waveform
1202,Pixel Piracy
1203,Divinity Original Sin
1204,HELLDIVERS
1205,Fallen Enchantress
1206,Dungeon of the Endless
1207,Tom Clancy's EndWar
1208,Outland
1209,Divinity Original Sin Enhanced Edition
1210,Stealth Inc 2
1211,Gnomoria
1212,8BitMMO
1213,Hunting Unlimited 2010
1214,Sanctum
1215,Nether
1216,GameMaker Studio
1217,Fallout 3
1218,Bionic Dues
1219,Guild of Dungeoneering
1220,Holy Potatoes! A Weapon Shop?!
1221,Sid Meier's Starships
1222,Evil Genius
1223,Pillars of Eternity
1224,Ragnarok Online 2
1225,East India Company Gold
1226,Penguins Arena Sedna's World
1227,Sunrider Mask of Arcadius
1228,Tropico 3 - Steam Special Edition
1229,Shadows on the Vatican - Act I Greed
1230,Super Killer Hornet Resurrection
1231,Frozen Hearth
1232,Scourge Outbreak
1233,Sakura Spirit
1234,Really Big Sky
1235,Gun Monkeys
1236,Nosferatu The Wrath of Malachi
1237,Galactic Civilizations I Ultimate Edition
1238,RPG Maker VX Ace
1239,You Need A Budget 4 (YNAB)
1240,Tales of Zestiria
1241,Trials Fusion
1242,Half-Life 2 Update
1243,Gauntlet 
1244,Tabletop Simulator
1245,Oddworld New 'n' Tasty
1246,Cloudberry Kingdom
1247,Screencheat
1248,Rebel Galaxy
1249,Gas Guzzlers Extreme
1250,Gunman Clive
1251,Boo Bunny Plague
1252,Wanderlust Rebirth
1253,Marlow Briggs
1254,Teslagrad
1255,Artemis Spaceship Bridge Simulator
1256,Great Permutator
1257,Bulletstorm
1258,Rush Bros
1259,RPG Tycoon
1260,RPG Maker 2003
1261,Tales from the Borderlands
1262,Judge Dredd Dredd vs Death
1263,Moonrise
1264,Tiny Brains
1265,Ultionus A Tale of Petty Revenge
1266,Hack 'n' Slash
1267,Lego Star Wars Saga
1268,Rogue Shooter The FPS Roguelike
1269,Heroes of a Broken Land
1270,Serious Sam The Random Encounter
1271,Fearless Fantasy
1272,Noir Syndrome
1273,Intergalactic Bubbles
1274,Titan Souls
1275,Ultimate Tic-Tac-Toe
1276,Dead Effect
1277,MURI
1278,Fist Puncher
1279,AirBuccaneers
1280,Star Wars Dark Forces
1281,Echo of the Wilds
1282,Valdis Story Abyssal City
1283,Cloudbuilt
1284,Tower of Guns
1285,Star Wars Republic Commando
1286,Joe Danger 2 The Movie
1287,Deadlight
1288,Lucius
1289,Magic Duels
1290,Zombie Driver HD
1291,Galactic Civilizations II Ultimate Edition
1292,RIDE Game
1293,The Cat Lady
1294,Driver San Francisco
1295,EverQuest II
1296,Assassin's Creed Revelations
1297,Hunted The Demon's Forge
1298,Bloodline Champions
1299,Call of Duty Black Ops - OSX
1300,Call of Duty Black Ops - Multiplayer OSX
1301,Mortal Online
1302,X-COM Terror from the Deep
1303,X-COM Interceptor
1304,X-COM UFO Defense
1305,Operation Flashpoint Red River
1306,Burstfire
1307,NBA 2K16
1308,Serious Sam Classic The First Encounter
1309,Blood Bowl Chaos Edition
1310,The Guild II Renaissance
1311,King's Bounty Warriors of the North
1312,Disciples III Renaissance
1313,Might & Magic Heroes VII 
1314,King's Bounty Crossworlds
1315,King's Bounty Dark Side
1316,Shadowrun Returns
1317,SpellForce 2 - Faith in Destiny
1318,Blackguards
1319,Grotesque Tactics 2 - Dungeons and Donuts
1320,Age of Wonders III
1321,Magic The Gathering  Duels of the Planeswalkers 2012
1322,Blackguards 2
1323,Pinball FX2
1324,Rocksmith 2014
1325,Fallen Enchantress Legendary Heroes
1326,Grotesque Tactics Evil Heroes
1327,CastleStorm
1328,Pinball Arcade
1329,Lichdom Battlemage
1330,Reversion - The Escape
1331,Kings Bounty Legions
1332,Lost Lands A Hidden Object Adventure
1333,Prime World
1334,Football Superstars
1335,Rise of the Triad
1336,Hitman Codename 47
1337,Grand Theft Auto
1338,Magic Barrage - Bitferno
1339,Tony Hawk's Pro Skater HD
1340,Divine Souls
1341,Tap Tap Infinity
1342,Super Crate Box
1343,Geometry Dash
1344,Nail'd
1345,Pound of Ground
1346,Brothers - A Tale of Two Sons
1347,McPixel
1348,PARTICLE MACE
1349,Fallen Earth
1350,Spermination
1351,World of Soccer online
1352,Dead Pixels
1353,Particula
1354,Absolute Drift
1355,Mini Ninjas
1356,Caster
1357,Bus Driver
1358,Shower With Your Dad Simulator 2015 Do You Still Shower With Your Dad
1359,La-Mulana
1360,Xeodrifter
1361,Ikaruga
1362,WWE 2K15
1363,Galaxy on Fire 2 Full HD
1364,X3 Terran Conflict
1365,Hitman Contracts
1366,The Musketeers Victoria's Quest
1367,Dungeon Siege III
1368,LEGO Harry Potter Years 5-7
1369,12 Labours of Hercules II The Cretan Bull
1370,Ballad of Solar
1371,Heroes of Hellas 3 Athens
1372,Broken Sword 5 - the Serpent's Curse
1373,Assassins Creed Chronicles China
1374,Enigmatis 2 The Mists of Ravenwood
1375,Nightmares from the Deep 3 Davy Jones
1376,Melissa K. and the Heart of Gold Collector's Edition
1377,Kingdom Tales 2
1378,Portal of Evil Stolen Runes Collector's Edition
1379,Time Mysteries 2 The Ancient Spectres
1380,Fall of the New Age Premium Edition
1381,Grim Legends 2 Song of the Dark Swan
1382,Time Mysteries 3 The Final Enigma
1383,The Beast of Lycan Isle - Collector's Edition
1384,The Room
1385,Mountain Crime Requital
1386,Weather Lord The Successor's Path
1387,Demon Hunter Chronicles from Beyond
1388,Risen 3 - Titan Lords
1389,Ghost Encounters Deadwood - Collector's Edition
1390,Alex Hunter - Lord of the Mind
1391,Left in the Dark No One on Board
1392,Fairy Tale Mysteries The Puppet Thief Collector's Edition
1393,Night Mysteries The Amphora Prisoner
1394,Viking Brothers
1395,Toki Tori 2+
1396,Ice Age Continental Drift Arctic Games
1397,Fable Anniversary
1398,Mystery of Neuschwanstein
1399,3D Mini Golf
1400,The Treasures of Montezuma 4
1401,Rescue Team 5
1402,Castle Never Judge a Book by its Cover
1403,Secret of the Magic Crystal
1404,Never Alone (Kisima Ingitchuna)
1405,The Clockwork Man
1406,Dark Arcana The Carnival
1407,The Good Life
1408,15 Days
1409,Season Match 3 - Curse of the Witch Crow
1410,The Egyptian Prophecy The Fate of Ramses
1411,Black Viper Sophia's Fate
1412,Star Wars Starfighter
1413,Puzzle Dimension
1414,PC Gamer
1415,Tidalis
1416,Randal's Monday
1417,Operation Flashpoint Dragon Rising
1418,The Secret World
1419,Divinity II - The Dragon Knight Saga
1420,Darkest Dungeon
1421,Xenonauts
1422,Tales of Maj'Eyal
1423,Monday Night Combat
1424,Age of Wonders
1425,Alpha Protocol
1426,Tom Clancy's Rainbow Six Vegas 2
1427,Mount & Blade
1428,X-COM Apocalypse
1429,Savage Lands
1430,Take On Mars
1431,Craft The World
1432,Legend of Grimrock 2
1433,The Chronicles of Riddick Assault on Dark Athena
1434,King Arthur's Gold
1435,Swords and Soldiers HD
1436,Sid Meier's Civilization IV Colonization
1437,Clickteam Fusion 2.5
1438,Medal of Honor Airborne
1439,Carrier Command Gaea Mission
1440,Depths of Peril
1441,Unity of Command
1442,Avadon The Black Fortress
1443,"Hack, Slash, Loot"
1444,Blockstorm
1445,Blockland
1446,Anarchy Arcade
1447,Elsword
1448,Small World 2
1449,Iron Grip Warlord
1450,Syberia
1451,Winning Post 8 2015
1452,Uplink
1453,Tiny and Big Grandpa's Leftovers
1454,Steel Storm Burning Retribution
1455,BIT.TRIP Presents... Runner2 Future Legend of Rhythm Alien
1456,SkyDrift
1457,Smashmuck Champions
1458,BRINK
1459,Call of Juarez The Cartel
1460,The Swapper
1461,Lambda Wars Beta
1462,The Vanishing of Ethan Carter Redux
1463,SiN
1464,Card Hunter
1465,Narcissu 1st & 2nd
1466,One Manga Day
1467,Simply Chess
1468,Without Within
1469,Escape
1470,Myst Masterpiece Edition
1471,Riven
1472,resident evil 4 / biohazard 4
1473,100% Orange Juice
1474,Zombie Army Trilogy
1475,Resident Evil Revelations / Biohazard Revelations
1476,Infestation Survivor Stories
1477,Hurtworld
1478,Survival Postapocalypse Now
1479,NEO Scavenger
1480,Metal Gear Solid Legacy
1481,Passing Pineview Forest
1482,Victoria II
1483,Hegemony III Clash of the Ancients
1484,Commander Conquest of the Americas
1485,Hegemony Gold Wars of Ancient Greece
1486,Europa Universalis Rome - Gold Edition
1487,Uncharted Waters Online Gran Atlas
1488,Codename Panzers - Cold War
1489,METAL SLUG DEFENSE
1490,Tropico 3 Absolute Power
1491,Restaurant Empire II
1492,M.U.D. TV
1493,Airline Tycoon 2
1494,Cities XL 2012
1495,Shadow Warrior Classic (1997)
1496,Remember Me
1497,Quake II
1498,Estranged Act I
1499,Quake III Arena
1500,Tomb Raider II
1501,Pixel Space
1502,X-Blades
1503,Eurofighter Typhoon
1504,Overcast - Walden and the Werewolf
1505,Sacred Gold
1506,Call of Duty 2
1507,Controller Companion
1508,Oddworld Stranger's Wrath HD
1509,Curse of Mermos
1510,F1 2013
1511,Depth
1512,Squishy the Suicidal Pig
1513,"Hamlet or the last game without MMORPG features, shaders and product placement"
1514,GooCubelets
1515,Battle Nations
1516,Mountain
1517,Gomo
1518,Devil May Cry 4
1519,Fiesta Online
1520,LYNE
1521,Arctic Combat
1522,Hell Yeah!
1523,Binary Domain
1524,The Incredible Adventures of Van Helsing
1525,RollerCoaster Tycoon 2 Triple Thrill Pack
1526,Grim Dawn
1527,NBA 2K14
1528,Eternal Fate
1529,The Forgotten Ones
1530,Soccer Manager 2016
1531,Disney Infinity 2.0
1532,"Pirates, Vikings, & Knights II"
1533,Subnautica
1534,Starbound - Unstable
1535,Citadels
1536,Final Hours of Titanfall
1537,Stronghold Crusader Extreme HD
1538,Seduce Me the Otome
1539,Emily is Away
1540,Lost Planet 3
1541,Black Mesa
1542,EVGA PrecisionX 16
1543,DisplayFusion
1544,WORLD END ECONOMiCA episode.01
1545,Icewind Dale Enhanced Edition
1546,The Settlers 7 Paths to a Kingdom - Gold Edition
1547,Train Fever
1548,Empyrion - Galactic Survival
1549,Maia
1550,Battlestations Pacific
1551,Medieval Engineers
1552,Thief 2
1553,X-Tension
1554,Castle Story
1555,The Plan
1556,Assetto Corsa
1557,Ryse Son of Rome
1558,Resident Evil / biohazard HD REMASTER
1559,Cossacks Art of War
1560,Rocksmith
1561,Primal Carnage
1562,Quantum Rush Online
1563,Darkwind War on Wheels
1564,Cities in Motion
1565,Car Mechanic Simulator 2014
1566,Darkest Hour A Hearts of Iron Game
1567,Element4l
1568,ACE - Arena Cyber Evolution
1569,The Cursed Crusade
1570,Bloody Good Time
1571,D.I.P.R.I.P. Warm Up
1572,Watchmen The End Is Nigh Part 2
1573,iBomber Defense Pacific
1574,Dead Horde
1575,Stronghold Crusader 2
1576,Galcon 2
1577,Warlock 2 the Exiled
1578,Renowned Explorers International Society
1579,Always Sometimes Monsters
1580,Redshirt
1581,Agarest Zero
1582,Zafehouse Diaries
1583,Vertical Drop Heroes HD
1584,Door Kickers
1585,Skulls of the Shogun
1586,Cosmonautica
1587,Mabinogi
1588,Shattered Planet
1589,Unholy Heights
1590,Reverse Crawl
1591,Q.U.B.E Director's Cut
1592,Puzzle Pirates
1593,Frozen Synapse Prime
1594,Knock-knock
1595,Nimble Quest
1596,Sleeping Dogs Definitive Edition
1597,RaiderZ
1598,Scribblenauts Unmasked
1599,Alone in the Dark
1600,Savant - Ascent
1601,Town of Salem
1602,Voices from the Sea
1603,Viscera Cleanup Detail Santa's Rampage
1604,Genesis Online
1605,Devil May Cry 3 Special Edition
1606,A.R.E.S.
1607,Lost Planet 2
1608,You Have to Win the Game
1609,GestureWorks Gameplay
1610,Boring Man - Online Tactical Stickman Combat
1611,NEOTOKYO
1612,Jigoku Kisetsukan Sense of the Seasons
1613,Ascend Hand of Kul
1614,Solstice Arena
1615,Aerena
1616,Face of Mankind
1617,Dethroned!
1618,Dungeon Party
1619,Spore Galactic Adventures
1620,Metal Reaper Online
1621,Golden Rush
1622,Block N Load
1623,A Walk in the Dark
1624,Secrets of Grindea
1625,Hard Reset
1626,Nexuiz
1627,Dogfight 1942
1628,Who's That Flying?!
1629,DeathSpank
1630,Warhammer Online Age of Reckoning
1631,Tom Clancy's Ghost Recon Future Soldier
1632,Audiosurf 2
1633,Dizzel
1634,Grey's Anatomy The Video Game
1635,Rhythm Zone
1636,Transformers War for Cybertron
1637,Run and Fire
1638,Get Off My Lawn!
1639,MotoGP14
1640,Battle Islands
1641,TDP5 Arena 3D
1642,Walkover
1643,Dragon's Prophet
1644,Hate Plus
1645,Influent
1646,Analogue A Hate Story
1647,ArtRage Studio Pro
1648,Ether One
1649,Hatoful Boyfriend
1650,Bound By Flame
1651,Grey Goo
1652,Godus
1653,Cinders
1654,Dysfunctional Systems Learning to Manage Chaos
1655,Prince of Persia
1656,Killer is Dead
1657,Lili Child of Geos
1658,Super Monday Night Combat
1659,Metro Conflict
1660,NotGTAV
1661,NBA 2K9
1662,Baldur's Gate II Enhanced Edition
1663,Victor Vran
1664,Might & Magic X - Legacy 
1665,Defender's Quest Valley of the Forgotten
1666,EverQuest Free-to-Play
1667,The Dead Linger
1668,Miscreated
1669,Blockscape
1670,HIS (Heroes In the Sky)
1671,X-COM Enforcer
1672,Plug & Play
1673,Rusty Hearts
1674,Gothic II Gold Edition
1675,Shelter
1676,Fingered
1677,Insaniquarium! Deluxe
1678,Super Amazing Wagon Adventure
1679,To the Moon
1680,World of Zoo
1681,Mount Your Friends
1682,A Bird Story
1683,Lume
1684,Electronic Super Joy
1685,Blood of the Werewolf
1686,Finding Teddy
1687,Love
1688,Coil
1689,Papo & Yo
1690,Eets Munchies
1691,Minecraft Story Mode - A Telltale Games Series
1692,Wild Warfare
1693,Metaverse Construction Kit
1694,LISA
1695,Half Minute Hero Super Mega Neo Climax Ultimate Boy
1696,Roguelands
1697,Hitman Blood Money
1698,TOME Immortal Arena
1699,Mercenary Kings
1700,Iron Brigade
1701,Krater
1702,CastleMiner Z
1703,Viscera Cleanup Detail
1704,Construct 2 Free
1705,Viscera Cleanup Detail Shadow Warrior
1706,Dragon The Game
1707,Draw a Stickman EPIC
1708,"On the Rain-Slick Precipice of Darkness, Episode One"
1709,Unreal Gold
1710,Divine Divinity
1711,Solar Flux
1712,Descent
1713,Renegade Ops
1714,Sonic CD
1715,Ohm Studio
1716,Expeditions Conquistador
1717,METAL SLUG X
1718,60 Seconds!
1719,Uncrowded
1720,FUEL
1721,Tom Clancy's Splinter Cell
1722,Universe at War Earth Assault
1723,Alien Shooter Vengeance
1724,Kingdom Wars
1725,Fortune Summoners Secret of the Elemental Stone
1726,Fortix
1727,Multiwinia
1728,Chantelise
1729,Impire
1730,Sid Meier's Ace Patrol Pacific Skies
1731,Take On Helicopters
1732,Helicopter Simulator 2014 Search and Rescue
1733,ACE COMBAT ASSAULT HORIZON Enhanced Edition
1734,Towtruck Simulator 2015
1735,Farming Simulator 2013 - Modding Tutorials
1736,CrimeCraft GangWars
1737,Kingdoms CCG
1738,Epic Arena
1739,Oddworld Munch's Oddysee
1740,Railroad Tycoon 3
1741,Deus Ex Invisible War
1742,DarkStar One
1743,DOOM II Hell on Earth
1744,Myst V
1745,realMyst
1746,Cosmic Osmo
1747,Rayman Origins
1748,DeadCore
1749,Dustforce
1750,Penny Arcade's On the Rain-Slick Precipice of Darkness 3
1751,Darksiders II Deathinitive Edition
1752,Giana Sisters Twisted Dreams
1753,DOOM 3
1754,Order of War
1755,Blood One Unit Whole Blood
1756,Kung Fury
1757,how do you Do It?
1758,Cabela's Big Game Hunter Pro Hunts
1759,Rampage Knights
1760,Captain Forever Remix
1761,Sheltered
1762,Kingdom
1763,I am Bread
1764,Heroes of Scene
1765,Warside
1766,Beast Boxing Turbo
1767,Batla
1768,Immune
1769,Gladiators Online Death Before Dishonor
1770,Depression Quest
1771,StarDrive
1772,LIGHTNING RETURNS FINAL FANTASY XIII
1773,Eador. Masters of the Broken World
1774,Satellite Reign
1775,Axiom Verge
1776,Nom Nom Galaxy
1777,Her Story
1778,Finn and Jake's Epic Quest
1779,Sword of the Stars The Pit
1780,The Magic Circle
1781,Hand Of Fate
1782,War for the Overworld
1783,Sorcerer King
1784,Cradle
1785,MASSIVE CHALICE
1786,The Last Federation
1787,Toy Soldiers War Chest
1788,Ys The Oath in Felghana
1789,Halfway
1790,Big Pharma
1791,Gods Will Be Watching
1792,Deus Ex Human Revolution - The Missing Link
1793,PixelJunk Shooter
1794,Salvation Prophecy
1795,VoidExpanse
1796,"Invisible, Inc."
1797,Nihilumbra
1798,Cannon Brawl
1799,Spacebase DF-9
1800,Meridian New World
1801,Nuclear Throne
1802,Kung Fu Strike The Warrior's Rise
1803,Sol Survivor
1804,Volgarr the Viking
1805,Betrayer
1806,Mushroom 11
1807,The Fall
1808,Legend of Dungeon
1809,RONIN
1810,Call of Juarez Bound in Blood
1811,Out There  Edition
1812,Unstoppable Gorg
1813,The Universim
1814,Greed Corp
1815,GALAK-Z
1816,Ultratron
1817,Reprisal Universe
1818,Interplanetary
1819,Eufloria HD
1820,Capsized
1821,Super Time Force Ultra
1822,Droid Assault
1823,Tales from Space Mutant Blobs Attack
1824,Wizorb
1825,Gateways
1826,Titan Attacks
1827,Steel Ocean
1828,Might & Magic Duel of Champions
1829,Flight of the Icarus
1830,Shadowrun Hong Kong
1831,Assassin's Creed Syndicate
1832,Dead Rising 2 Off the Record
1833,Wolfenstein The Old Blood 
1834,The Bard's Tale
1835,Aeon Command
1836,SpellForce 2 Gold Edition
1837,Demigod
1838,HIT
1839,The Amazing Spider-Man
1840,F1 2010
1841,Star Wars The Force Unleashed II
1842,Patch testing for Chivalry
1843,Apotheon
1844,Global Agenda - Beta
1845,Nux
1846,Anoxemia
1847,Robot Rescue Revolution
1848,Ionball 2  Ionstorm
1849,QuestRun
1850,SUPER DISTRO
1851,Skyborn
1852,Ravaged Zombie Apocalypse
1853,Ironclad Tactics
1854,BEEP
1855,Not The Robots
1856,Enemy Mind
1857,Platypus II
1858,Coffin Dodgers
1859,Beatbuddy Tale of the Guardians
1860,Humanity Asset
1861,The Incredible Adventures of Van Helsing II
1862,"Warhammer 40,000 Dawn of War - Game of the Year Edition"
1863,Heavy Fire Afghanistan
1864,Zero Gear
1865,Kidnapped
1866,Prime World Defenders
1867,Alien Breed Impact
1868,Chip
1869,Canyon Capers
1870,KickBeat Steam Edition
1871,Anna - Extended Edition
1872,The Culling Of The Cows
1873,Battlepaths
1874,Tetrobot and Co.
1875,Card City Nights
1876,Blood of Old
1877,Sine Mora
1878,Deus Ex The Fall
1879,Uriel's Chasm
1880,RADical ROACH Deluxe Edition
1881,Mechanic Escape
1882,The Chaos Engine
1883,The Inner World
1884,Grimm
1885,Racer 8
1886,Memories of a Vagabond
1887,Full Mojo Rampage
1888,Cargo Commander
1889,Blaster Shooter GunGuy!
1890,Superfrog HD
1891,Swipecart
1892,Dragon Age Origins Character Creator
1893,Teleglitch Die More Edition
1894,Anomaly Korea
1895,Super Splatters
1896,Wickland
1897,Wasteland Angel
1898,Toast Time
1899,Anomaly 2
1900,Shank
1901,ArcaniA
1902,Sins of a Dark Age
1903,Formula Fusion
1904,Might & Magic Clash of Heroes
1905,GTR 2 - FIA GT Racing Game
1906,Grand Ages Medieval
1907,March of War
1908,NOBUNAGA'S AMBITION Sphere of Influence
1909,Star Ruler 2
1910,Age of Empires Online
1911,Hegemony Rome The Rise of Caesar
1912,FX Football - The Manager for Every Football Fan
1913,Folk Tale
1914,Cities in Motion 2
1915,Gemini Wars
1916,Hegemony Philip of Macedon
1917,Act of Aggression
1918,Sword of the Stars II Enhanced Edition
1919,FaceRig
1920,Distant Star Revenant Fleet
1921,Cities XL - Limited Edition
1922,Armada 2526
1923,The Political Machine
1924,Port Royale 3
1925,Industry Giant 2
1926,Railroad Tycoon 2 Platinum
1927,Tomb Raider (VI) The Angel of Darkness
1928,The Guild II - Pirates of the European Seas
1929,Grim Fandango Remastered
1930,Layers of Fear
1931,Dream
1932,Robot Roller-Derby Disco Dodgeball
1933,Murder Miners
1934,Fork Parker's Holiday Profit Hike
1935,Section 8 Prejudice
1936,Sid Meier's Civilization IV Warlords
1937,Pre-Civilization Marble Age
1938,London 2012 The Official Video Game of the Olympic Games
1939,Desktop Dungeons
1940,The Escapists The Walking Dead
1941,Fahrenheit Indigo Prophecy Remastered
1942,Pool Nation
1943,Orbital Gear
1944,Electronic Super Joy Groove City
1945,TerraTech
1946,City of Heroes
1947,I Am Alive
1948,Serious Sam Classic The Second Encounter
1949,Commandos Behind Enemy Lines
1950,Serious Sam Double D XXL
1951,F1 2015
1952,Epigenesis
1953,Sacred Citadel
1954,Construction-Simulator 2015
1955,Stronghold Legends
1956,Dragon Age II
1957,Majesty 2
1958,Pirates of Black Cove
1959,Brothers in Arms Hell's Highway
1960,F1 2011
1961,BeamNG.drive
1962,Zombie Driver
1963,Emergency 2014
1964,Unmechanical
1965,Combat Arms
1966,Magicka Wizards of the Square Tablet
1967,Duck Game
1968,Cubemen
1969,The Baconing
1970,Gumboy Crazy Features
1971,Pid 
1972,X-Plane 10 Global - 64 Bit
1973,Burgers
1974,Grimoire Manastorm
1975,Color Symphony
1976,Rustbucket Rumble
1977,Syberia 2
1978,Greyfox
1979,Devils Share
1980,Super Hipster Lumberjack
1981,Bloons TD5
1982,Echo of Soul
1983,Snuggle Truck
1984,Gunscape
1985,Dream Of Mirror Online
1986,Gothic 3 Forsaken Gods Enhanced Edition
1987,Return to Castle Wolfenstein
1988,Doctor Who The Eternity Clock
1989,GameGuru
1990,Kingdom Wars 2 Battles
1991,Esenthel Engine
1992,Anno 1404
1993,Men of War Red Tide
1994,Theatre of War
1995,Real Warfare
1996,The LEGO Movie - Videogame
1997,The Adventures of Mr. Bobley
1998,F.E.A.R. Extraction Point
1999,Painkiller Recurring Evil
2000,Chaser
2001,Quake 4
2002,Tropico
2003,Cabela's African Adventures
2004,Saints Row Gat out of Hell
2005,Wolfenstein The New Order German Edition
2006,Sacred 3
2007,Blood Knights
2008,Daylight
2009,Guns'N'Zombies
2010,Dungeons & Dragons Online
2011,Basement
2012,Rise of Venice
2013,Disciples III Reincarnation
2014,Copa Petrobras de Marcas
2015,Front Mission Evolved
2016,Quake
2017,Dwarfs!?
2018,Madballs in...Babo Invasion
2019,The Ultimate DOOM
2020,SlamIt Pinball Big Score
2021,Star Wars Jedi Knight Dark Forces II
2022,Descent Underground
2023,Painkiller Redemption
2024,Total Annihilation
2025,Final DOOM
2026,DiRT
2027,Lineage II
2028,Fairy Fencer F
2029,Dead or Alive 5 Last Round
2030,Fairy Bloom Freesia
2031,Cherry Tree High I! My! Girls!
2032,Cherry Tree High Comedy Club
2033,Starseed Pilgrim
2034,Borderlands 2 RU
2035,Geometry Wars Retro Evolved
2036,MXGP - The Official Motocross Videogame
2037,Enemy Territory Quake Wars
2038,Wallace & Gromit Ep 2 The Last Resort
2039,Wallace & Gromit Ep 3 Muzzled!
2040,Sam & Max 202 Moai Better Blues
2041,Sam & Max 205 What's New Beelzebub?
2042,Wallace & Gromit Ep 4 The Bogey Man
2043,Sam & Max 201 Ice Station Santa
2044,Sam & Max 301 The Penal Zone
2045,Rugby League Team Manager 2015
2046,Arma 2 British Armed Forces
2047,MLB Front Office Manager
2048,Battle for Graxia
2049,PAYDAY The Web Series - Episode 1
2050,Guilty Gear X2 #Reload
2051,Lakeview Cabin Collection
2052,White Noise Online
2053,IL-2 Sturmovik 1946
2054,Fingerbones
2055,Shadowgrounds Survivor
2056,Star Wolves
2057,STARWHAL
2058,TowerFall Ascension
2059,The Hat Man Shadow Ward
2060,Apotheon Arena
2061,Euro Truck Simulator
2062,WTFast Gamers Private Network (GPN)
2063,Saints Row IV Inauguration Station
2064,CubeGun
2065,Ragnarok
2066,3089 -- Futuristic Action RPG
2067,Speedball 2 HD
2068,PixelJunk Monsters Ultimate
2069,Victim of Xen
2070,Cossacks II Battle for Europe
2071,Overture
2072,Loadout Campaign Beta
2073,Chaos Heroes Online
2074,Survivalist
2075,All Is Dust
2076,Castle In The Darkness
2077,Deadly 30
2078,Akaneiro Demon Hunters
2079,Second Chance Heroes
2080,Weapons Genius
2081,ShootMania Storm
2082,Bridge Constructor
2083,Armikrog
2084,Hardland
2085,NiGHTS into Dreams...
2086,DuckTales Remastered
2087,Special Forces Team X
2088,Pro Evolution Soccer 2016
2089,Emergency 2012
2090,Call to Arms
2091,Cities XL 2011
2092,theHunter Primal
2093,"Warhammer 40,000 Dawn of War  Soulstorm"
2094,Dive to the Titanic
2095,Terminator Salvation
2096,Cabelas Trophy Bucks
2097,Emergency 2013
2098,Saw
2099,Command and Conquer 3 Tiberium Wars
2100,Cossacks II Napoleonic Wars
2101,Zuma Deluxe
2102,World in Conflict
2103,"Warhammer 40,000 Dawn of War  Winter Assault"
2104,Dungeons & Dragons Daggerdale
2105,Unreal Tournament 2004
2106,Command and Conquer 3 Kane's Wrath
2107,Eternal Silence
2108,Missing Translation
2109,Battle Battalions
2110,THE KING OF FIGHTERS 2002 UNLIMITED MATCH
2111,THE KING OF FIGHTERS '98 ULTIMATE MATCH FINAL EDITION
2112,Spore Creepy & Cute Parts Pack
2113,Ampu-Tea
2114,Max Payne
2115,MEDIEVAL Total War - Gold Edition
2116,Platypus
2117,Strike Suit Infinity
2118,Cossacks European Wars
2119,Stealth Bastard Deluxe
2120,Knights of Honor
2121,Virtua Tennis 4
2122,Ring Runner Flight of the Sages
2123,Dawn of Discovery - Venice
2124,Patrician IV Rise of a Dynasty
2125,State of Decay Year-One
2126,Pandora First Contact
2127,Patrician III
2128,Light of Altair
2129,PAC-MAN Championship Edition DX+
2130,Patrician IV Steam Special Edition
2131,STORM Frontline Nation
2132,Running Shadow
2133,NEKOPARA Vol. 1
2134,Go! Go! Nippon! ~My First Trip to Japan~
2135,If My Heart Had Wings
2136,Damned
2137,Disney Infinity 3.0 Play Without Limits
2138,Back to Dinosaur Island 
2139,Revolution Ace
2140,NBA 2K13
2141,Skyscraper Simulator
2142,Automation - The Car Company Tycoon Game
2143,Lunar Flight
2144,Mars Colony Challenger
2145,Universe Sandbox 
2146,Kinetic Void
2147,The Fifth Day
2148,Day One Garry's Incident
2149,Keep Talking and Nobody Explodes
2150,Trine 3 The Artifacts of Power
2151,Adventures of Shuggy
2152,Jurassic Park The Game
2153,F1 Race Stars
2154,WARP
2155,The Amazing Spider-Man 2
2156,Bob Came in Pieces
2157,Sideway
2158,Darkspore
2159,Lucidity
2160,Q.U.B.E.
2161,inMomentum
2162,The Yawhg
2163,The Path
2164,Gish
2165,Flight Control HD
2166,Aquaria
2167,Bunch Of Heroes
2168,Assault Android Cactus
2169,Karos Returns
2170,Silent Hunter III
2171,Foosball - Street Edition
2172,KnightShift
2173,Grand Chase
2174,International Snooker
2175,Zack Zero
2176,Urban Trial Freestyle
2177,Unreal Tournament Game of the Year Edition
2178,Freedom Force
2179,Boson X
2180,H1Z1 Test Server
2181,Quantum of Solace
2182,Space Quest Collection
2183,Dreamfall The Longest Journey
2184,Grand Theft Auto 2
2185,Nevermind
2186,A Story About My Uncle
2187,CRYENGINE
2188,Rexaura
2189,Perpetuum
2190,Dogs of War Online - Beta
2191,Mafia
2192,Vlad the Impaler
2193,DogFighter
2194,Take Command Second Manassas
2195,Blades of Time
2196,HeXen II
2197,Alien Rage - Unlimited
2198,Pyramid Raid
2199,Frozen Free Fall Snowball Fight
2200,From The Depths
2201,Shattered Horizon
2202,TIS-100
2203,Ubersoldier II
2204,Pro Cycling Manager 2013
2205,Cosmophony
2206,Arma 2 Free
2207,Deadly Premonition The Director's Cut
2208,Dangerous High School Girls in Trouble!
2209,C9
2210,Immortal Empire
2211,RPG MO
2212,Prince of Persia Warrior Within
2213,12 Labours of Hercules III Girl Power
2214,Hero of the Kingdom
2215,Kyn
2216,Burn Zombie Burn
2217,All Zombies Must Die!
2218,Beware Planet Earth
2219,The Marvellous Miss Take
2220,Eternal Senia
2221,Avernum Escape From the Pit
2222,Choice of the Deathless
2223,The 7th Guest
2224,Dungeons 2
2225,Ravensword Shadowlands
2226,"Warhammer 40,000 Kill Team"
2227,Virtual Villagers A New Home
2228,Scania Truck Driving Simulator
2229,Waking Mars
2230,Mitsurugi Kamui Hikae
2231,MoW Face Off XL
2232,Evolution RTS
2233,Theatre of War 2 Africa 1943
2234,Theatre of War 2 Kursk 1943 
2235,Supreme Ruler Cold War
2236,Build-A-Lot 4
2237,Democracy 2
2238,Hotel Giant 2
2239,Comanche 4
2240,Build-A-Lot
2241,Pride of Nations
2242,Build-A-Lot 2
2243,Iron Warriors T-72 Tank Command
2244,Professional Farmer 2014
2245,Petz Horsez 2
2246,Distant Worlds Universe
2247,Zombie Shooter 2
2248,Silverfall
2249,Rigonauts
2250,Defend Your Life
2251,Uncharted Waters Online
2252,East India Company
2253,The Age of Decadence
2254,Naval War Arctic Circle
2255,PT Boats Knights of the Sea
2256,East India Company Pirate Bay
2257,Heroes Over Europe
2258,Pacific Storm Allies
2259,East India Company Privateer
2260,PT Boats South Gambit
2261,Electric Highways
2262,Aion
2263,Carpe Diem
2264,DARK
2265,Blood Omen 2 Legacy of Kain
2266,Postal 3
2267,Overlord Raising Hell
2268,GASP
2269,Saira
2270,Space Hack
2271,Final Slam 2
2272,Crysis 2
2273,Peggle Extreme
2274,Batman Arkham Asylum
2275,Dig or Die
2276,Contrast
2277,3DMark Vantage
2278,Retro-Pixel Castles
2279,Korwin The Game
2280,Piercing Blow
2281,RACE Caterham Expansion
2282,Cricket Captain 2014
2283,To End All Wars
2284,Bridge Project
2285,Xpand Rally Xtreme
2286,MotoGP13
2287,Red Bull X-Fighters
2288,Master Levels for DOOM II
2289,Agricultural Simulator 2011 Extended Edition
2290,Arma Tactics
2291,Blitzkrieg Anthology
2292,The Four Kings Casino and Slots
2293,SpellForce Platinum Edition
2294,Sparkle 2 Evo
2295,Lost Planet Extreme Condition - Colonies Edition
2296,TimeShift
2297,Gothic
2298,Tomb Raider Chronicles
2299,Doorways Prelude
2300,VelocityUltra
2301,Gigantic Army
2302,MDK
2303,Slender The Arrival
2304,The Void
2305,Arx Fatalis
2306,Ghost in the Shell Stand Alone Complex First Assault Online
2307,AquaNox
2308,Turok Dinosaur Hunter
2309,Dark Void
2310,X2 The Threat
2311,Tomb Raider III Adventures of Lara Croft
2312,X Beyond the Frontier
2313,Descent 2
2314,Clown House (Palyao Evi)
2315,TrackMania Valley
2316,Blood Bowl 2
2317,Empires
2318,Gang Beasts
2319,Shelter 2
2320,Cubemen 2
2321,Street Fighter V Beta
2322,BlazBlue Continuum Shift Extend
2323,Eryi's Action
2324,The Mean Greens - Plastic Warfare
2325,The Haunted Hells Reach
2326,Under the Ocean
2327,Rag Doll Kung Fu
2328,Lugaru HD 
2329,Cortex Command
2330,ProtoGalaxy
2331,GridRunner Revolution
2332,Star Wars - Jedi Knight Mysteries of the Sith
2333,BRAINPIPE A Plunge to Unhumanity
2334,Cannons Lasers Rockets
2335,Galcon Fusion
2336,Ship Simulator Extremes
2337,BookWorm Adventures Volume 2
2338,OTTTD
2339,Metrocide
2340,Oscura Lost Light
2341,Destination Sol
2342,Nightbanes
2343,FIFA Manager 09
2344,Chains
2345,Lost Horizon
2346,Bridge It (plus)
2347,Secret Files Tunguska
2348,The Next BIG Thing
2349,The Flame in the Flood
2350,King's Bounty The Legend
2351,The Dark Eye Chains of Satinav
2352,Star Traders 4X Empires
2353,Spartans Vs Zombies Defense
2354,Enemy Front
2355,The Kings' Crusade
2356,Clergy Splode
2357,The Guild Gold Edition
2358,Legend of Dungeon Masters
2359,Street Fighter X Tekken
2360,Space Run
2361,Indie Game The Movie
2362,A Valley Without Wind
2363,Gemini Rue
2364,Castlevania Lords of Shadow  Mirror of Fate HD
2365,ENSLAVED Odyssey to the West Premium Edition
2366,Dynamite Jack
2367,Breach & Clear
2368,BloodRayne Betrayal
2369,Samorost 2
2370,Ninja Reflex Steamworks Edition
2371,Closure
2372,Hamilton's Great Adventure
2373,Nimbus
2374,Pro Cycling Manager 2014
2375,Pro Cycling Manager 2015
2376,TrackMania United
2377,The Walking Dead Survival Instinct
2378,18 Wheels of Steel American Long Haul
2379,Two Worlds II Castle Defense
2380,Governor of Poker 2 Premium Edition
2381,Star Trek
2382,Why So Evil
2383,FINAL FANTASY XIII-2
2384,Sherlock Holmes Crimes and Punishments
2385,Sherlock Holmes versus Jack the Ripper
2386,Farm for your Life
2387,Nancy Drew The Captive Curse
2388,Nancy Drew The Deadly Device
2389,Nancy Drew Ghost of Thornton Hall
2390,Nancy Drew Alibi in Ashes
2391,Black Sails
2392,Serena
2393,Black Mirror
2394,Quintet
2395,Soccer Manager 2015
2396,Heretic Shadow of the Serpent Riders
2397,Commander Keen Complete Pack
2398,Wizardry 8
2399,Wolfenstein 3D
2400,Wolfenstein 3D Spear of Destiny
2401,Bionic Commando Rearmed
2402,DOOM 3 Resurrection of Evil
2403,Quake III Team Arena
2404,Quake Mission Pack 1 Scourge of Armagon
2405,Quake Mission Pack 2 Dissolution of Eternity
2406,HeXen Beyond Heretic
2407,Westward
2408,Tradewinds Caravans
2409,Westward 3
2410,Sphere III Enchanted World
2411,Out of the Park Baseball 15
2412,Out of the Park Baseball 16
2413,The Political Machine 2016
2414,Space Channel 5 Part 2
2415,Mini Metro
2416,Sakura Angels
2417,Air Conflicts Pacific Carriers
2418,Soul Gambler
2419,Ship Simulator Maritime Search and Rescue
2420,Age of Wonders 2
2421,Dungeon Souls
2422,FootLOL Epic Fail League
2423,Hearts of Iron II Complete
2424,Victory Command
2425,Towns
2426,iBomber Defense
2427,Shad'O
2428,Guardians of Graxia
2429,140
2430,Blackwell Convergence
2431,Ballpoint Universe Infinite
2432,Doc Clock The Toasted Sandwich of Time
2433,FortressCraft Evolved
2434,SimpleRockets
2435,Of Guards And Thieves
2436,Signal Ops
2437,How To Survive Third Person
2438,CRYPTARK
2439,Aperture Tag The Paint Gun Testing Initiative
2440,Particulars
2441,0RBITALIS
2442,Steam Marines
2443,ROCKETSROCKETSROCKETS
2444,Painkiller Black Edition
2445,Stonehearth
2446,DUNGEONS - The Dark Lord (Steam Special Edition)
2447,Mordheim City of the Damned
2448,Necronomicon The Dawning of Darkness
2449,Kingdoms Rise
2450,1000 Amps
2451,Arms Dealer
2452,City Life 2008
2453,Rising World
2454,Undead Overlord
2455,FlatOut
2456,Silent Hill Homecoming
2457,Eldritch
2458,Mutant Mudds Deluxe
2459,Sid Meier's Ace Patrol
2460,Bad Hotel
2461,Super Sanctum TD
2462,Lilly Looking Through
2463,Space Farmers
2464,Jack Lumber
2465,Ether Vapor Remaster
2466,NyxQuest
2467,99 Spirits
2468,TypeRider
2469,Clickr
2470,Pressure
2471,Major Mayhem
2472,Foul Play
2473,War of the Human Tanks
2474,LEVEL 22
2475,Final Exam
2476,QuantZ
2477,Slip
2478,Strong Bad Episode 1 Homestar Ruiner
2479,fault milestone one
2480,fault milestone two sideabove
2481,Shadowgate
2482,Jade Empire Special Edition
2483,Tobe's Vertical Adventure
2484,planetarian ~the reverie of a little planet~
2485,Chip's Challenge 2
2486,R.B.I. Baseball 15
2487,Worms Crazy Golf
2488,Lovely Planet
2489,Probably Archery
2490,FIFA Manager 11
2491,Cities XL
2492,007 Legends
2493,American Conquest - Fight Back
2494,TOXIKK
2495,99 Levels To Hell
2496,YOU DON'T KNOW JACK
2497,Emergency 5 - Deluxe Edition
2498,Stormrise
2499,Kingdoms
2500,Frontline Tactics
2501,Anno Online
2502,Lethal League
2503,Prison Tycoon 3 Lockdown
2504,Cossacks Back to War
2505,Foreign Legion Buckets of Blood
2506,Planetbase
2507,Dragon Quest Heroes
2508,Heroes of Might & Magic V Tribes of the East
2509,Anno 2205
2510,Grand Ages Rome
2511,Age of Wonders Shadow Magic
2512,Hacknet
2513,Colonial Conquest
2514,Greed Black Border
2515,"Dr. Langeskov, The Tiger, and The Terribly Cursed Emerald A Whirlwind Heist"
2516,Hospital Tycoon
2517,Schrdinger's Cat and the Raiders of the Lost Quark
2518,Crazy Taxi
2519,Software Inc.
2520,WRC 5
2521,The Secret of Tremendous Corporation
2522,Sam & Max 302 The Tomb of Sammun-Mak
2523,Sam & Max 304 Beyond the Alley of the Dolls
2524,Sam & Max 303 They Stole Max's Brain!
2525,Sam & Max 305 The City that Dares not Sleep
2526,Rise of Flight United
2527,Runespell Overture
2528,SEGA Bass Fishing
2529,Scoregasm
2530,Viridi
2531,Lifeless Planet
2532,Hyper Fighters
2533,You Must Build A Boat
2534,Triple Town
2535,Tap Heroes
2536,The Albino Hunter
2537,Antisquad
2538,Gravity Badgers
2539,Why So Evil 2 Dystopia
2540,Point Perfect
2541,Bardbarian
2542,Beyond Space
2543,The Lady
2544,Angels of Fasaria Version 2.0
2545,Chronicles of a Dark Lord Episode 1 Tides of Fate Complete
2546,Boid
2547,The Detail
2548,Camera Obscura
2549,Absconding Zatwor
2550,The Adventures of Tree
2551,Quest of Dungeons
2552,Ichi
2553,Borealis
2554,Despair
2555,Robotex
2556,Starlaxis Supernova Edition
2557,3 Stars of Destiny
2558,AXYOS
2559,The Undying Plague
2560,Teddy Floppy Ear - Mountain Adventure
2561,Paranormal State Poison Spring Collector's Edition
2562,Dracula's Legacy
2563,Edna & Harvey Harvey's New Eyes
2564,Eaten Alive
2565,Hostile Waters Antaeus Rising
2566,Teddy Floppy Ear - Kayaking
2567,Brilliant Bob
2568,Terra Incognita ~ Chapter One The Descendant
2569,Time Mysteries Inheritance - Remastered
2570,Enigmatis The Ghosts of Maple Creek
2571,Saviors
2572,The Defenders The Second Wave
2573,Doorways The Underworld
2574,Tea Party Simulator 2015
2575,Crazy Plant Shop
2576,The 39 Steps
2577,Gunspell Steam Edition
2578,Edna & Harvey The Breakout
2579,Journey Of The Light
2580,Phoenix Force
2581,Battleplan American Civil War
2582,Face Noir
2583,Skara - The Blade Remains
2584,Treeker The Lost Glasses
2585,Reach for the Sun
2586,Frederic Evil Strikes Back
2587,The Nightmare Cooperative
2588,Final Dusk
2589,Blob From Space
2590,Z
2591,500 Years Act 1
2592,CAFE 0 ~The Drowned Mermaid~
2593,Vintage Year
2594,Obludia
2595,Zombie Zoeds
2596,Jet Gunner
2597,Clash of Puppets
2598,Lilly and Sasha Curse of the Immortals
2599,Splatter - Blood Red Edition
2600,Bermuda
2601,N.P.P.D. RUSH - The milk of Ultra violet
2602,Voxelized
2603,Marble Mayhem Fragile Ball
2604,Forsaken Uprising
2605,Sugar Cube Bittersweet Factory
2606,Tiny Bridge Ratventure
2607,Make it indie!
2608,Legend of Mysteria
2609,Catmouth Island
2610,Destiny Warriors
2611,Morphopolis
2612,Sun Blast
2613,Secret Of Magia
2614,Ancient Planet
2615,Survivor Squad
2616,Fat Chicken
2617,DarkEnd
2618,Millennium - A New Hope
2619,Gold Rush! Classic
2620,Cobi Treasure Deluxe
2621,Yury
2622,Sometimes Success Requires Sacrifice
2623,Pixel Puzzles UndeadZ
2624,The Deer
2625,Fiends of Imprisonment
2626,Little Farm
2627,Castle
2628,Retention
2629,Cards and Castles
2630,Inside The Gear
2631,Pressured
2632,Grimind
2633,Tinboy
2634,FLY'N
2635,Pirates of Black Cove Gold
2636,Numba Deluxe
2637,Rogue's Tale
2638,Chris Sawyer's Locomotion
2639,"I, Zombie"
2640,Windward
2641,Foreign Legion Multi Massacre
2642,Secret Ponchos
2643,Carmageddon Reincarnation
2644,Saints Row The Third - Initiation Station
2645,Written in the Sky
2646,Third Eye Crime
2647,Section 8
2648,The Golf Club
2649,Dungeon Defenders Eternity
2650,War of Beach
2651,Insane 2
2652,Wrath of Athena
2653,Bob Was Hungry
2654,Zombie Grinder
2655,"It came from space, and ate our brains"
2656,Sakura Swim Club
2657,No Time to Explain
2658,NEKOPARA Vol. 0
2659,Glowfish
2660,Moon Breakers
2661,Pool Nation FX
2662,Freaking Meatbags
2663,Dollar Dash
2664,OMSI 2
2665,Crusaders of the Lost Idols
2666,Aveyond 3-2 Gates of Night
2667,CaesarIA
2668,Assassin's Creed Freedom Cry
2669,The Typing of The Dead Overkill
2670,King's Bounty Armored Princess
2671,Offspring Fling!
2672,A Valley Without Wind 2
2673,Shadow Man
2674,DeathSpank Thongs Of Virtue
2675,"I Have No Mouth, and I Must Scream"
2676,Your Doodles Are Bugged!
2677,Painkiller Gold Edition
2678,Stubbs the Zombie in Rebel Without a Pulse
2679,"10,000,000"
2680,Red Faction II
2681,Dodge
2682,Beyond Good & Evil
2683,Unreal II The Awakening
2684,The Moon Sliver
2685,Bientt l't
2686,Thirty Flights of Loving
2687,Psychonauts Demo
2688,Monster Bash
2689,Eradicator
2690,Daikatana
2691,Life of Pixel
2692,8BitBoy
2693,Dark Void Zero
2694,The Graveyard
2695,Quarries of Scred
2696,Heroes of SoulCraft
2697,Cosmic DJ
2698,Zuma's Revenge
2699,The Dreamatorium of Dr. Magnus 2
2700,Might & Magic Heroes Online
2701,GUILTY GEAR Xrd -SIGN-
2702,Dementium II HD
2703,The Book of Unwritten Tales The Critter Chronicles
2704,Iesabel
2705,Contraption Maker
2706,Journey of a Roach
2707,The Journey Down Chapter One
2708,Deadfall Adventures
2709,Spirits
2710,Syder Arcade
2711,Puddle
2712,Little Racers STREET
2713,Zen Bound 2
2714,iBomber Attack
2715,Sword of the Stars Complete Collection
2716,Guild Wars Trilogy
2717,Magical Diary
2718,Stellar Impact
2719,Crusader Kings Complete
2720,Puzzle Chronicles
2721,BattleSpace
2722,Adventurer Manager
2723,GoD Factory Wingmen
2724,A.R.E.S. Extinction Agenda EX
2725,Harvest Massive Encounter
2726,Servo
2727,Void Destroyer
2728,Chroma Squad
2729,Velvet Assassin
2730,Guild Commander
2731,Hacker Evolution Duality
2732,Swarm Arena
2733,Sokobond
2734,Ys I
2735,Legacy of Kain Soul Reaver
2736,Slam Bolt Scrappers
2737,Project Snowblind
2738,Velocibox
2739,PixelJunk Shooter Ultimate
2740,The Settlers 7 Paths to a Kingdom
2741,Space Hulk Ascension
2742,Aion Collectors Edition
2743,The Masterplan
2744,Blood Bowl Dark Elves Edition
2745,Tom Clancy's H.A.W.X.
2746,Buccaneer The Pursuit of Infamy
2747,Age of Conan Rise of the Godslayer
2748,Crusaders Thy Kingdom Come
2749,Star Ruler
2750,Star Wolves 3 Civil War
2751,The Old Tree
2752,Shadowgate MacVenture Series
2753,Legends of Pegasus
2754,Silent Hunter 5 Battle of the Atlantic
2755,My Lands
2756,SC2VN - The eSports Visual Novel
2757,The Night of the Rabbit
2758,The Jackbox Party Pack 2
2759,Gun Metal
2760,The Incredible Adventures of Van Helsing III
2761,Lara Croft and the Temple of Osiris
2762,Beyond Divinity
2763,Unium
2764,ComaMortuary
2765,Chaos Domain
2766,Wolfenstein The Old Blood German Edition
2767,MX vs. ATV Reflex
2768,Choice Chamber
2769,Ascendant
2770,Our Darker Purpose
2771,Black Ice
2772,Firefly Online Cortex
2773,Tales Runner
2774,Praetorians
2775,rymdkapsel
2776,GTR Evolution
2777,Caribbean!
2778,Legends of Eisenwald
2779,Clockwork Empires
2780,Trucks & Trailers
2781,Community College Hero Trial by Fire
2782,Scratches Director's Cut
2783,BAD END
2784,Xam
2785,Higurashi When They Cry - Ch.1 Onikakushi
2786,Gaokao.Love.100Days
2787,The Clans - Saga of the Twins
2788,X-note
2789,eden*
2790,Bedlam
2791,Blue Rose
2792,Rising Angels Reborn
2793,American Conquest
2794,Bloodwood Reload
2795,AKIBA'S TRIP Undead & Undressed
2796,Damnation City of Death
2797,Warrior Kings Battles
2798,Pink Heaven
2799,Jagged Alliance Online - Steam Edition
2800,Shantae and the Pirate's Curse
2801,Over 9000 Zombies!
2802,Pox Nora
2803,Corporate Lifestyle Simulator
2804,Prince of Persia The Two Thrones
2805,Space Trader Merchant Marine
2806,Big Brain Wolf
2807,Tank Universal
2808,Homebrew - Vehicle Sandbox
2809,Mensa Academy
2810,Frontlines Fuel of War
2811,Larva Mortus
2812,Alpha Prime
2813,Puzzle Bots
2814,Damnation
2815,RIP 3 The Last Hero
2816,Diamond Dan
2817,Mr. Robot
2818,Commander Conquest of the Americas Gold
2819,MX vs. ATV Supercross Encore
2820,Chainsaw Warrior
2821,Chainsaw Warrior Lords of the Night
2822,Terrain Test
2823,Heroes of Might & Magic V Hammers of Fate
2824,DRAKERZ-Confrontation
2825,Championship Manager 2008
2826,Dead Realm
2827,iO
2828,Real Horror Stories Ultimate Edition
2829,One Late Night Deadline
2830,Everyday Genius SquareLogic
2831,Lumines
2832,Pat & Mat
2833,Elven Legacy
2834,King of Dragon Pass
2835,Jagged Alliance 2 Gold Pack
2836,Wings! Remastered Edition
2837,Broken Sword 1 - Shadow of the Templars Director's Cut
2838,Driftmoon
2839,Black Fire
2840,Call of Cthulhu Dark Corners of the Earth
2841,Zuma's Revenge! - Adventure
2842,Crowntakers
2843,Etherlords II
2844,Football Tactics
2845,Rugby Challenge 2
2846,Blacklight Tango Down
2847,Giana Sisters Twisted Dreams - Rise of the Owlverlord
2848,Among Ripples
2849,Worms
2850,Brothers in Arms Road to Hill 30
2851,Cabela's Dangerous Hunts 2013
2852,Movie Studio 13 Platinum - Steam Powered
2853,Action! - Gameplay Recording and Streaming
2854,Runers
2855,Crawl
2856,FarSky
2857,Black Ink
2858,Obscure
2859,Fancy Skulls
2860,Vagante
2861,Obscure 2
2862,Grand Class Melee 2
2863,ENKI
2864,Down To One
2865,Year Walk
2866,Dustoff Heli Rescue
2867,FRACT OSC
2868,Babel Rising
2869,Haunted House
2870,Flower Shop Winter In Fairbrook
2871,Joe Danger
2872,Republique
2873,Microsoft Flight
2874,Still Life
2875,Putt-Putt Travels Through Time
2876,Putt-Putt Joins the Circus
2877,Putt-Putt Saves the Zoo
2878,Nancy Drew The White Wolf of Icicle Creek
2879,Memoir '44 Online
2880,Nancy Drew Curse of Blackmoor Manor 
2881,Nancy Drew Secrets can Kill
2882,Nancy Drew Secret of the Scarlet Hand 
2883,Delta Force 2
2884,Street Racing Syndicate
2885,Hatred
2886,OCEAN CITY RACING
2887,ONE PIECE PIRATE WARRIORS 3
2888,Astro Lords
2889,Max The Curse of Brotherhood
2890,Road Not Taken
2891,TRI Of Friendship and Madness
2892,9.03m
2893,Castle of Illusion
2894,A New Beginning - Final Cut
2895,WRC Powerslide
2896,Airport Simulator 2014
2897,Lumino City
2898,An Assassin in Orlandes
2899,Akane the Kunoichi
2900,Crazy Machines
2901,Mini Motor Racing EVO
2902,Test Drive Ferrari Racing Legends
2903,Adventure Park
2904,Victory The Age of Racing
2905,OlliOlli
2906,Crouching Pony Hidden Dragon
2907,Arcane Worlds
2908,Axis Game Factory's AGFPRO 3.0
2909,Ignite
2910,Disciples II Gallean's Return
2911,Borderless Gaming
2912,Hexcells
2913,RPG Maker MV
2914,Impossible Creatures
2915,Broken Sword 4 - the Angel of Death
2916,Sanitarium
2917,Downwell
2918,Monopoly
2919,Oh...Sir!
2920,Kane & Lynch Dead Men
2921,The Novelist
2922,Faces of War
2923,AION Free-to-Play
2924,FATE
2925,Tiny Troopers
2926,Gumboy Crazy Adventures
2927,Vigil Blood Bitterness
2928,Wizardry Online
2929,MLB 2K12
2930,Magic The Gathering  Tactics
2931,Fritz Chess 14
2932,Hollywood Visionary
2933,Sword Coast Legends
2934,The Banner Saga Factions
2935,Rise of the Argonauts
2936,District 187
2937,TUG
2938,Battle Academy
2939,Close Combat - Gateway to Caen
2940,Battle Academy 2 Eastern Front
2941,Victory At Sea
2942,Crossfire Europe
2943,Hard Truck Apocalypse Rise Of Clans / Ex Machina Meridian 113
2944,The Slaughtering Grounds
2945,Flesh Eaters
2946,One Way To Die Steam Edition
2947,Split/Second
2948,Containment The Zombie Puzzler
2949,Project Explore
2950,Actual Sunlight
2951,Weird Worlds Return to Infinite Space
2952,Orborun
2953,Space Warp
2954,Earth Defense Force Insect Armageddon
2955,Tomb Raider The Last Revelation
2956,Watchmen The End Is Nigh
2957,Heli Heroes
2958,Theme Park Studio
2959,RollerCoaster Tycoon
2960,Genesis Rising
2961,Earth 2150 Trilogy
2962,CivCity Rome
2963,Nexus The Jupiter Incident
2964,Aggression Europe Under Fire
2965,Original War
2966,"On the Rain-Slick Precipice of Darkness, Episode Two"
2967,Lamia Must Die
2968,Salt
2969,Nancy Drew Danger By Design
2970,Making History The Calm & The Storm
2971,Battle of Empires  1914-1918
2972,Company of Heroes Europe at War
2973,Dawn of Discovery
2974,The Silent Age
2975,hocus
2976,Ski Region Simulator
2977,Broken Sword 2 - the Smoking Mirror Remastered
2978,Silent Hunter Wolves of the Pacific
2979,DCS Black Shark
2980,Thunder Wolves
2981,Cubot
2982,Battle Los Angeles
2983,Beasts of Prey
2984,MoW Face Off M
2985,Else Heart.Break()
2986,Revelations 2012
2987,Super Game Jam
2988,Cricket Revolution
2989,Thief Town
2990,Eidolon
2991,Guild Wars Game of the Year
2992,Runaway A Road Adventure
2993,GundeadliGne
2994,Gundemonium Recollection
2995,Hitogata Happa
2996,Woody Two-Legs Attack of the Zombie Pirates
2997,Tom Clancy's Splinter Cell Double Agent
2998,Air Conflicts - Secret Wars
2999,TRANSFORMERS Rise of the Dark Spark
3000,Steredenn
3001,Drunken Robot Pornography
3002,Requiem
3003,RWBY Grimm Eclipse
3004,Dragon's Prophet (EU)
3005,The Settlers Online
3006,Call of Juarez
3007,Jets'n'Guns Gold
3008,Music Creator 6 Touch
3009,Albino Lullaby Episode 1
3010,Leo's Fortune
3011,YOU DON'T KNOW JACK Vol. 2
3012,CreaVures
3013,Carmageddon 2 Carpocalypse Now
3014,10 Second Ninja
3015,Montague's Mount
3016,Aveyond 3-1 Lord of Twilight
3017,SanctuaryRPG Black Edition
3018,The Cat and the Coup
3019,bit Dungeon II
3020,Numen Contest of Heroes
3021,Outcast 1.1
3022,Tesla Effect
3023,Memento Mori 2
3024,Secret Files Puritas Cordis
3025,Gray Matter
3026,The Book of Unwritten Tales 2
3027,realMyst Masterpiece Edition
3028,Secret Files Sam Peters
3029,Haunted
3030,Hook
3031,The Floor is Jelly
3032,The Dream Machine
3033,Abducted
3034,Last Knight Rogue Rider Edition
3035,Huntsman - The Orphanage Halloween Edition
3036,Dev Guy
3037,Cultures - Northland
3038,Chocolatier Decadence by Design
3039,Alien Breed 3 Descent
3040,Clive Barker's Jericho
3041,Post Mortem
3042,Agricultural Simulator 2013 Steam Edition
3043,Bus-Simulator 2012
3044,Firefighters 2014
3045,Arma Combat Operations
3046,Conquest of Champions
3047,The Collider
3048,City of Steam Arkadia
3049,Zoombinis
3050,"Please, Dont Touch Anything"
3051,UFO Aftermath
3052,Ford Racing 3
3053,oO
3054,Shattered Union
3055,Port Royale 2
3056,Submerged
3057,Terrorhedron
3058,Blitzkrieg 2 Anthology
3059,Duke Nukem Forever 
3060,Disciples Sacred Lands Gold
3061,Gorky 17
3062,Hard Truck Apocalypse / Ex Machina
3063,Farm Machines Championships 2014
3064,Sandmason
3065,Joe Dever's Lone Wolf HD Remastered
3066,Conflict Denied Ops
3067,Rogue Trooper
3068,Ys VI The Ark of Napishtim
3069,Shellshock 2 Blood Trails
3070,Shipwreck
3071,Demonicon
3072,Crimsonland
3073,Yosumin!
3074,StarMade
3075,Neverending Nightmares
3076,Deus Ex Revision
3077,Flora's Fruit Farm
3078,FOTONICA
3079,Remnants Of Isolation
3080,Tom Clancy's Ghost Recon Advanced Warfighter
3081,Ancient Space
3082,Sweet Lily Dreams
3083,Stardust Vanguards
3084,Squirreltopia
3085,Minimon
3086,Pongo
3087,GemCraft - Chasing Shadows
3088,Metal Planet
3089,Oniken
3090,Keen Dreams
3091,The Campaign Series Fall Weiss
3092,Fortix 2
3093,Depth Hunter 2 Deep Dive
3094,Letter Quest Grimm's Journey
3095,Super 3-D Noah's Ark
3096,Letter Quest Grimm's Journey Remastered
3097,Incoming Forces
3098,Cast of the Seven Godsends
3099,"War, the Game"
3100,Colin McRae Rally
3101,Strategic War in Europe
3102,1953 NATO vs Warsaw Pact
3103,Into the Dark
3104,Speed Kills
3105,Battle vs Chess
3106,Bloodbath Kavkaz
3107,The Few
3108,Starion Tactics
3109,GunWorld
3110,The Samaritan Paradox
3111,Cyto
3112,Alpha Kimori Episode One 
3113,Deadly Profits
3114,Narco Terror
3115,Echelon
3116,Residue Final Cut
3117,Total War Battles SHOGUN
3118,1Quest
3119,Power-Up
3120,BlazBlue Calamity Trigger
3121,Smooth Operators
3122,Vox
3123,Farming World
3124,SpellForce 2 - Demons of the Past
3125,Circuits
3126,Draconian Wars
3127,SCHAR Blue Shield Alliance
3128,The Sun at Night
3129,Pacific Storm
3130,T.E.C. 3001
3131,Retro/Grade
3132,Paper Sorcerer
3133,Horizon Shift
3134,Guilty Gear Isuka
3135,Demise of Nations Rome
3136,Escape Goat
3137,Dysan the Shapeshifter
3138,Magnetic By Nature
3139,Skyward Collapse
3140,Rhythm Destruction
3141,Ittle Dew
3142,Post Master 
3143,Strife Veteran Edition
3144,Shadows of War
3145,Constant C
3146,Freedom Fall
3147,Gunslugs 2
3148,The Lost Crown
3149,Super Motherload
3150,Volt
3151,Dungeons The Eye of Draconus
3152,Eleusis
3153,Dreaming Sarah
3154,Death Rally
3155,Choice of Robots
3156,The Club
3157,Dead State
3158,Silent Storm Sentinels
3159,Shan Gui
3160,The Incredible Adventures of Van Helsing Final Cut
3161,Wizardry 7 Crusaders of the Dark Savant
3162,Tryst
3163,Zombie Tycoon 2 Brainhov's Revenge
3164,"Demolition, Inc."
3165,Tkl Online
3166,Treasure Planet Battle at Procyon
3167,Seven Kingdoms 2 HD
3168,Ghostbusters Sanctum of Slime
3169,BloodLust Shadowhunter
3170,Roogoo
3171,Neighbours from Hell
3172,Neighbours from Hell 2
3173,Runestone Keeper
3174,Azure Striker Gunvolt
3175,Mighty Gunvolt
3176,Devil May Cry 4 Special Edition
3177,Clutch
3178,BIT.TRIP FATE
3179,Carnage Racing
3180,Infinifactory
3181,Splice
3182,World Basketball Manager 2010
3183,Commandos Beyond the Call of Duty
3184,Inside a Star-filled Sky 
3185,Farming Giant
3186,Imperium Romanum Gold Edition
3187,TransOcean The Shipping Company
3188,Children of the Nile Alexandria
3189,Airline Tycoon Deluxe
3190,Universal Combat CE
3191,Septerra Core
3192,Timberman
3193,Enforcer Police Crime Action
3194,Pro Rugby Manager 2015
3195,ToCA Race Driver 3
3196,R.O.O.T.S
3197,Angvik
3198,Delta Force Black Hawk Down - Team Sabre
3199,Diaper Dash
3200,Delve Deeper
3201,Lightfish
3202,Fractal Make Blooms Not War
3203,Invisible Apartment
3204,Hylics
3205,The Stalin Subway
3206,Fiesta Online NA
3207,Cabela's Hunting Expeditions
3208,Midnight Club II
3209,Spoiler Alert
3210,Warehouse and Logistics Simulator
3211,RPG Maker 2000
3212,Last Word
3213,War in a Box Paper Tanks
3214,RPG Maker XP
3215,Commando Jack
3216,Shark Attack Deathmatch 2
3217,Jagged Alliance Crossfire
3218,Another Perspective
3219,Organic Panic
3220,LA Cops
3221,Combat Wings Battle of Britain
3222,Pro Evolution Soccer 2014
3223,Divinity II - Ego Draconis
3224,Rodina
3225,TyranoBuilder Visual Novel Studio
3226,Dex
3227,Westerado Double Barreled
3228,Heavy Bullets
3229,Famaze
3230,Sky Nations
3231,Manyland
3232,Kill Fun Yeah
3233,KWAAN
3234,Trouble In The Manor
3235,New Star Soccer 5
3236,The Black Watchmen
3237,Tiamat X
3238,Scarygirl
3239,Bard's Gold
3240,Glare
3241,Rooms The Unsolvable Puzzle
3242,Breezeblox
3243,Super Panda Adventures
3244,Millie
3245,Rotieer
3246,Traps N' Gemstones
3247,Fatty Maze's Adventures
3248,Reversi
3249,Shiny The Firefly
3250,Stonerid
3251,Mr. Bree+
3252,Amazing Princess Sarah
3253,Silent Hunter Wolves of the Pacific U-Boat Missions
3254,Assassin's Creed Rogue
3255,APOX
3256,Cities XXL
3257,Alganon
3258,Gurumin A Monstrous Adventure
3259,Nimble Writer
3260,Kings of Kung Fu
3261,Majesty Gold Edition
3262,FLOCK!
3263,Darkstone
3264,Spriter Pro
3265,Close Your Eyes
3266,Paint the Town Red
3267,Heroes and Titans Online
3268,Mad Games Tycoon
3269,Railroad Pioneer
3270,RESCUE 2
3271,Imagine Earth
3272,Farlight Explorers
3273,Children of the Nile
3274,Call of Duty United Offensive
3275,Call of Duty
3276,Rune Classic
3277,Pretty Girls Mahjong Solitaire
3278,Stargate Resistance
3279,Environmental Station Alpha
3280,Stick RPG 2
3281,Just Get Through
3282,Volume
3283,Shallow Space
3284,Snapshot
3285,English Country Tune
3286,Sunrider Academy
3287,GamersGoMakers
3288,Empire TV Tycoon
3289,Game Tycoon 1.5
3290,Buzz Aldrin's Space Program Manager
3291,Apollo4x
3292,Saturday Morning RPG
3293,Deadlings - Rotten Edition
3294,Showtime!
3295,Escape Machines
3296,Spooky Cats
3297,Anomaly Warzone Earth Mobile Campaign
3298,Royal Defense
3299,Taxi
3300,Into The War
3301,Infect and Destroy
3302,World War II Panzer Claws
3303,Ironcast
3304,The Swindle
3305,Puzzle Quest 2
3306,"Warhammer 40,000 Armageddon"
3307,Etherium
3308,Monster Loves You!
3309,Sniper Elite Zombie Army 2
3310,Rulers of Nations
3311,Qvadriga
3312,Elite Dangerous Horizons
3313,UFO Afterlight
3314,Don Bradman Cricket 14
3315,CameraBag 2
3316,Aqua Kitty - Milk Mine Defender
3317,Blazing Angels Squadrons of WWII
3318,Blazing Angels 2 Secret Missions of WWII
3319,Song of the Myrne What Lies Beneath
3320,Wolfenstein
3321,Painkiller Resurrection
3322,Fair Strike
3323,Gunship!
3324,Shadow of Kingdoms
3325,Operation Z
3326,Mega Man Legacy Collection
3327,Knightmare Tower
3328,Violett
3329,David.
3330,Substance Painter
3331,Anna's Quest
3332,Amnesia Memories
3333,Windborne
3334,Fading Hearts
3335,Crystals of Time
3336,Beyond Eyes
3337,Dark Echo
3338,Alter World
3339,Jagged Alliance 2 - Wildfire 
3340,Lucius II
3341,Cognition An Erica Reed Thriller
3342,Dark Fall Lost Souls
3343,Sherlock Holmes and The Hound of The Baskervilles
3344,The Whispered World Special Edition
3345,Light
3346,Pineview Drive
3347,BloodRayne 2
3348,Real World Racing
3349,Parkan 2
3350,Detective Grimoire
3351,Dracula Origin
3352,A Golden Wake
3353,Claire
3354,SickBrick
3355,Dark Fall 1 The Journal
3356,Tree of Life
3357,World of Mixed Martial Arts 3
3358,The Witcher Adventure Game
3359,The Curious Expedition
3360,Planet of the Eyes
3361,FIST OF AWESOME
3362,Zotrix
3363,Akuatica
3364,Darkout
3365,System Protocol One
3366,Twin Sector
3367,IL-2 Sturmovik Battle of Stalingrad
3368,Toybox Turbos
3369,Introduction to 3D Prop Modeling and Design - Viking Armor and Weapons
3370,Shantae Risky's Revenge - Director's Cut
3371,ZOMBI
3372,European Ship Simulator
3373,Science Girls
3374,Euro Fishing
3375,Flashback
3376,Order of War Challenge
3377,Karate Master 2 Knock Down Blow
3378,ArchonClassic
3379,Tom Clancy's Rainbow Six Vegas
3380,Jagged Alliance Flashback
3381,Fieldrunners 2
3382,Condemned Criminal Origins
3383,Game Character Hub
3384,Armello
3385,Dangerous Waters
3386,Dungeonbowl Knockout Edition
3387,The Whispered World
3388,Dead Mountaineer's Hotel
3389,NecroVisioN Lost Company
3390,Runaway A Twist of Fate
3391,NBA 2K11
3392,Yesterday
3393,Bridge Constructor Medieval
3394,NEED FOR MADNESS ?
3395,The Entente Gold
3396,Max Gentlemen
3397,Mainland
3398,One Night
3399,Better Late Than DEAD
3400,Wildlife Park 3
3401,SuperPower 2 Steam Edition
3402,Real Boxing
3403,I-Fluid
3404,Space Ace
3405,D.U.S.T.
3406,Pro Cycling Manager Season 2009
3407,Shadow Harvest Phantom Ops
3408,NBA 2K12
3409,Duck Dynasty
3410,Family Guy Back to the Multiverse
3411,Collapse
3412,Legacy of Kain Soul Reaver 2
3413,Pink Hour
3414,SPACECOM
3415,3DMark 11
3416,Sublevel Zero
3417,Tom Clancy's Ghost Recon
3418,Auditorium
3419,Killing Floor Beta
3420,Freight Tycoon Inc.
3421,Pro Evolution Soccer 2013
3422,Breach
3423,Deathtrap
3424,Penny Arcade's On the Rain-Slick Precipice of Darkness 4
3425,FATE Undiscovered Realms
3426,Putt-Putt and Pep's Balloon-o-Rama
3427,Dream Pinball 3D
3428,Freddi Fish and Luther's Maze Madness
3429,Panzer Tactics HD
3430,Geometry Wars 3 Dimensions Evolved
3431,Ashes of the Singularity
3432,Autocraft
3433,Battlegrounds of Eldhelm
3434,Startopia
3435,STAR WARS X-Wing vs. TIE Fighter
3436,Rescue Everyday Heroes
3437,STAR WARS X-Wing Alliance
3438,Critter Crunch
3439,FINAL FANTASY IV
3440,Sniper Elite Zombie Army
3441,Games of Glory
3442,Motorbike
3443,Adventure Chronicles The Search For Lost Treasure
3444,Reaper - Tale of a Pale Swordsman
3445,Delta Force Black Hawk Down
3446,Wasteland 1 - The Original Classic
3447,Naval Warfare
3448,Castaway Paradise
3449,Hello Kitty and Sanrio Friends Racing
3450,Raiden Legacy
3451,Bionic Commando
3452,Afterfall InSanity - Dirty Arena Edition
3453,Waves
3454,BlazeRush
3455,Supreme Ruler 2020 Gold
3456,Omegalodon
3457,Championship Manager 2010
3458,Lords of the Realm II
3459,Lords of Magic Special Edition
3460,Puzzle Quest Galactrix
3461,Razor2 Hidden Skies
3462,Rake
3463,Dinosaur Hunt Africa Contract
3464,Reveal The Deep
3465,Guardians of Orion
3466,Island Flight Simulator
3467,liteCam Game 100 FPS Game Capture
3468,Bullet Heaven 2
3469,Realms of the Haunting
3470,Psycho Starship Rampage
3471,GUN
3472,B.U.T.T.O.N.
3473,LEGO Pirates of the Caribbean The Video Game
3474,Red Stone Online
3475,The UnderGarden
3476,Mortal Kombat Legacy II - Ep. 1 Reunited in Macau
3477,Block Story
3478,The Gate
3479,NOBUNAGA'S AMBITION Kakushin with Power Up Kit
3480,Avernum 4
3481,Avernum 5
3482,Eschalon Book 2
3483,Drakensang
3484,Avernum 6
3485,Eschalon Book 1
3486,Freedom Force vs. the 3rd Reich
3487,Arcadia
3488,Tom Clancy's Ghost Recon Advanced Warfighter 2
3489,The Fish Fillets 2
3490,Over the Dream
3491,Asteria
3492,Serious Sam Classics Revolution
3493,AZMD! Scorepocalypse 
3494,Earth 2150 The Moon Project
3495,Earth 2150 Lost Souls
3496,NASCAR The Game 2013
3497,UFO Extraterrestrials Gold
3498,Party Hard
3499,Riding Star
3500,Imperial Glory
3501,Monochroma
3502,Wildlife Park 2
3503,Wildlife Park 2 - Marine World
3504,The Clockwork Man The Hidden World
3505,"Nancy Drew Lights, Camera, Curses!"
3506,Season of Mystery  The Cherry Blossom Murders
3507,NightShift Code
3508,Midnight Mysteries Salem Witch Trials
3509,Midnight Mysteries 4 Haunted Houdini
3510,Midnight Mysteries 3 Devil on the Mississippi
3511,Samantha Swift and the Golden Touch
3512,Planets Under Attack
3513,Jack Keane
3514,Atlantica Online
3515,RECYCLE
3516,Decay - The Mare
3517,Starscape
3518,SpaceForce Rogue Universe
3519,Battle Group 2
3520,Convoy
3521,Realms of Arkania 3 - Shadows over Riva Classic
3522,Jumpdrive
3523,Digital Combat Simulator A-10C Warthog
3524,1701 A.D. Sunken Dragon
3525,Maelstrom
3526,AR-K
3527,Chrome
3528,Kill The Bad Guy
3529,Space Siege
3530,Anachronox
3531,Habitat
3532,Chrome Specforce
3533,Paranautical Activity Deluxe Atonement Edition
3534,Kung Fury Street Rage
3535,FRONTIERS
3536,rFactor 2
3537,Nancy Drew Ghost Dogs of Moon Lake 
3538,Fast & Furious Showdown
3539,Dragon's Lair 2 Time Warp
3540,Doodle God
3541,Cloudy with a Chance of Meatballs
3542,Max and the Magic Marker
3543,Nostradamus The Last Prophecy
3544,Airport Madness World Edition
3545,Wildlife Park 2 - Dino World
3546,Potatoman Seeks the Troof
3547,Lunch Truck Tycoon
3548,aerofly RC 7
3549,Haunt the House Terrortown
3550,Aces Wild Manic Brawling Action!
3551,D4 Dark Dreams Don't Die
3552,BloodRayne
3553,Carmageddon Max Pack
3554,Coniclysm
3555,Alien Shooter Revisited
3556,Eastside Hockey Manager
3557,Franchise Hockey Manager 2
3558,Kohan Immortal Sovereigns
3559,Avadon 2 The Corruption
3560,Drakensang The River of Time
3561,Jacob Jones and the Bigfoot Mystery  Episode 2
3562,Battle Brothers
3563,Maszyny Rolnicze 2015
3564,Strong Bad Episode 3 Baddest of the Bands
3565,Strong Bad Episode 2 Strong Badia the Free
3566,Strong Bad Episode 4 Dangeresque 3
3567,BIT.TRIP VOID
3568,BIT.TRIP CORE
3569,Parcel
3570,Nancy Drew The Haunted Carousel
3571,Abandoned Chestnut Lodge Asylum
3572,Hector Ep 2
3573,The Otherside
3574,Drawn The Painted Tower
3575,Fire
3576,Kuros
3577,Back to Bed
3578,Nancy Drew The Creature of Kapu Cave
3579,Legend of Fae
3580,Hotel Dash
3581,Diner Dash Hometown Hero
3582,DinerTown Tycoon
3583,Worldwide Soccer Manager 2009
3584,MLB 2K10
3585,MLB 2K11
3586,Out of the Park Baseball 14
3587,Kohan II Kings of War
3588,The Impossible Game
3589,Khet 2.0
3590,Adventure Time  Explore the Dungeon Because I DONT KNOW!
3591,Ride! Carnival Tycoon
3592,SAMURAI WARRIORS 4-II
3593,The Bug Butcher
3594,Romance of the Three Kingdoms Maker
3595,Space Colony
3596,Life is Hard
3597,Executive Assault
3598,O.R.B.
3599,MirrorMoon EP
